experiment_timestamp,game_id,opening_name,opening_family,opening_moves_san,opening_fen,base_time_per_move,initial_clock_per_player,completed_game,result,termination_reason,v2_score,engine_plies_played,total_plies_from_start,engine_moves_uci,engine_moves_san,full_game_san,final_fen,final_evaluation_white_perspective,game_wall_time,v2_colour,v2_move_count,v2_total_nodes,v2_average_nodes_per_move,v2_total_cutoffs,v2_incomplete_iteration_nodes,v2_incomplete_node_fraction,v2_total_committed_time,v2_total_decision_time,v2_average_decision_time_per_move,v2_average_completed_depth,v2_maximum_completed_depth,v2_depth_zero_fallbacks,v2_deadline_overruns,v2_deadline_timeouts,v2_policy_boundary_stops,v2_stable_positions,v2_uncertain_positions,v2_unstable_positions,v2_best_move_changes,v2_clock_used,v2_clock_remaining,fixed_colour,fixed_move_count,fixed_total_nodes,fixed_average_nodes_per_move,fixed_total_cutoffs,fixed_incomplete_iteration_nodes,fixed_incomplete_node_fraction,fixed_total_committed_time,fixed_total_decision_time,fixed_average_decision_time_per_move,fixed_average_completed_depth,fixed_maximum_completed_depth,fixed_depth_zero_fallbacks,fixed_deadline_overruns,fixed_deadline_timeouts,fixed_policy_boundary_stops,fixed_stable_positions,fixed_uncertain_positions,fixed_unstable_positions,fixed_best_move_changes,fixed_clock_used,fixed_clock_remaining
20260805_010412,sa100ms_starting_position_v2_white,starting_position,starting_position,,rnbqkbnr/pppppppp/8/8/8/8/PPPPPPPP/RNBQKBNR w KQkq - 0 1,0.1,8.0,True,1-0,checkmate,1.0,45,45,g1f3 g8f6 b1c3 b8c6 e2e3 e7e6 f1d3 h7h5 h2h4 f8c5 b2b4 c6b4 d3c4 b4c2 d1c2 c5e3 f2e3 d7d5 c2a4 b7b5 a4b5 c7c6 b5c6 e8e7 c6a8 d5c4 a8a7 e7e8 a7a4 e8e7 c1a3 d8d6 a3d6 e7d6 a4c4 c8d7 c4b4 d6c7 b4c5 c7b7 a1b1 d7b5 b1b5 b7a8 c5a3,Nf3 Nf6 Nc3 Nc6 e3 e6 Bd3 h5 h4 Bc5 b4 Nxb4 Bc4 Nxc2+ Qxc2 Bxe3 fxe3 d5 Qa4+ b5 Qxb5+ c6 Qxc6+ Ke7 Qxa8 dxc4 Qxa7+ Ke8 Qa4+ Ke7 Ba3+ Qd6 Bxd6+ Kxd6 Qxc4 Bd7 Qb4+ Kc7 Qc5+ Kb7 Rb1+ Bb5 Rxb5+ Ka8 Qa3#,Nf3 Nf6 Nc3 Nc6 e3 e6 Bd3 h5 h4 Bc5 b4 Nxb4 Bc4 Nxc2+ Qxc2 Bxe3 fxe3 d5 Qa4+ b5 Qxb5+ c6 Qxc6+ Ke7 Qxa8 dxc4 Qxa7+ Ke8 Qa4+ Ke7 Ba3+ Qd6 Bxd6+ Kxd6 Qxc4 Bd7 Qb4+ Kc7 Qc5+ Kb7 Rb1+ Bb5 Rxb5+ Ka8 Qa3#,k6r/5pp1/4pn2/1R5p/7P/Q1N1PN2/P2P2P1/4K2R b K - 2 23,100000,3.7718193999899086,white,23,6165,268.04347826086956,939,2038,0.3305758313057583,2.500000000000001,1.5563991999952123,0.06766953043457445,2.0,2,0,5,5,18,10,7,6,13,1.5563991999952123,6.443600800004788,black,22,8761,398.22727272727275,1242,4811,0.5491382262298824,2.2000000000000006,2.2042358000326203,0.1001925363651191,2.1363636363636362,3,0,22,22,0,9,9,4,8,2.2042358000326203,5.79576419996738
20260805_010412,sa100ms_starting_position_v2_black,starting_position,starting_position,,rnbqkbnr/pppppppp/8/8/8/8/PPPPPPPP/RNBQKBNR w KQkq - 0 1,0.1,8.0,True,0-1,checkmate,1.0,86,86,g1f3 g8f6 b1c3 b8c6 e2e3 e7e6 f1d3 h7h5 h2h4 f8c5 b2b4 c6b4 f3e5 b4d3 c2d3 c5e3 d2e3 c7c5 d1h5 h8h5 e5c4 e8f8 f2f4 d8c7 c4e5 d7d6 e5c4 c8d7 c1d2 d7c6 c4d6 c7d6 c3d5 d6d5 e3e4 d5d3 d2a5 c6e4 e1f2 d3d4 f2e2 e4g2 a1d1 d4f4 d1d8 a8d8 a5d8 g2h1 d8f6 g7f6 e2d3 h5h4 a2a3 f4d4 d3e2 h1e4 e2f1 e6e5 f1e2 b7b5 e2e1 h4f4 e1e2 a7a5 e2e1 f8g7 e1e2 a5a4 e2e1 e4d5 e1e2 f6f5 e2e1 f7f6 e1e2 f4h4 e2f1 h4f4 f1e2 f4h4 e2f1 h4e4 f1g2 e4e2 g2h3 d4g4,Nf3 Nf6 Nc3 Nc6 e3 e6 Bd3 h5 h4 Bc5 b4 Nxb4 Ne5 Nxd3+ cxd3 Bxe3 dxe3 c5 Qxh5 Rxh5 Nc4 Kf8 f4 Qc7 Ne5 d6 Nc4 Bd7 Bd2 Bc6 Nxd6 Qxd6 Nd5 Qxd5 e4 Qxd3 Ba5 Bxe4 Kf2 Qd4+ Ke2 Bxg2 Rad1 Qxf4 Rd8+ Rxd8 Bxd8 Bxh1 Bxf6 gxf6 Kd3 Rxh4 a3 Qd4+ Ke2 Be4 Kf1 e5 Ke2 b5 Ke1 Rf4 Ke2 a5 Ke1 Kg7 Ke2 a4 Ke1 Bd5 Ke2 f5 Ke1 f6 Ke2 Rh4 Kf1 Rf4+ Ke2 Rh4 Kf1 Re4 Kg2 Re2+ Kh3 Qg4#,Nf3 Nf6 Nc3 Nc6 e3 e6 Bd3 h5 h4 Bc5 b4 Nxb4 Ne5 Nxd3+ cxd3 Bxe3 dxe3 c5 Qxh5 Rxh5 Nc4 Kf8 f4 Qc7 Ne5 d6 Nc4 Bd7 Bd2 Bc6 Nxd6 Qxd6 Nd5 Qxd5 e4 Qxd3 Ba5 Bxe4 Kf2 Qd4+ Ke2 Bxg2 Rad1 Qxf4 Rd8+ Rxd8 Bxd8 Bxh1 Bxf6 gxf6 Kd3 Rxh4 a3 Qd4+ Ke2 Be4 Kf1 e5 Ke2 b5 Ke1 Rf4 Ke2 a5 Ke1 Kg7 Ke2 a4 Ke1 Bd5 Ke2 f5 Ke1 f6 Ke2 Rh4 Kf1 Rf4+ Ke2 Rh4 Kf1 Re4 Kg2 Re2+ Kh3 Qg4#,8/6k1/5p2/1ppbpp2/p5q1/P6K/4r3/8 w - - 12 44,-100000,7.786945399988326,black,43,17211,400.25581395348837,1861,9901,0.5752716286096101,4.6,3.4603731999523006,0.08047379534772792,2.0,3,0,11,22,21,22,13,8,20,3.4603731999523006,4.539626800047699,white,43,21314,495.6744186046512,2206,14057,0.6595195646054237,4.300000000000001,4.305679800003418,0.10013208837217251,2.255813953488372,3,0,43,43,0,22,13,8,12,4.305679800003418,3.6943201999965822
20260805_010412,sa100ms_open_game_v2_white,open_game,open_game,e4 e5,rnbqkbnr/pppp1ppp/8/4p3/4P3/8/PPPP1PPP/RNBQKBNR w KQkq - 0 2,0.1,8.0,True,0-1,checkmate,0.0,54,56,b1c3 b8c6 g1f3 g8f6 d2d4 e5d4 c3b5 f8b4 c2c3 d4c3 b2c3 f6e4 c3b4 c6b4 d1d4 b4c2 e1d1 c2d4 b5d4 e4f2 d1c2 f2h1 c1f4 d7d5 f1b5 c7c6 a1e1 e8f8 b5d3 c8f5 d3f5 h1f2 d4c6 b7c6 e1e5 d8d6 e5e3 d6f4 e3e2 f4f5 c2c1 f2d3 c1c2 d3e5 c2c1 f5f4 c1b1 a8b8 b1c2 f4c4 c2d1 b8b1 d1d2 c4d3,Nc3 Nc6 Nf3 Nf6 d4 exd4 Nb5 Bb4+ c3 dxc3 bxc3 Nxe4 cxb4 Nxb4 Qd4 Nc2+ Kd1 Nxd4 Nbxd4 Nxf2+ Kc2 Nxh1 Bf4 d5 Bb5+ c6 Re1+ Kf8 Bd3 Bf5 Bxf5 Nf2 Nxc6 bxc6 Re5 Qd6 Re3 Qxf4 Re2 Qxf5+ Kc1 Nd3+ Kc2 Ne5+ Kc1 Qf4+ Kb1 Rb8+ Kc2 Qc4+ Kd1 Rb1+ Kd2 Qd3#,e4 e5 Nc3 Nc6 Nf3 Nf6 d4 exd4 Nb5 Bb4+ c3 dxc3 bxc3 Nxe4 cxb4 Nxb4 Qd4 Nc2+ Kd1 Nxd4 Nbxd4 Nxf2+ Kc2 Nxh1 Bf4 d5 Bb5+ c6 Re1+ Kf8 Bd3 Bf5 Bxf5 Nf2 Nxc6 bxc6 Re5 Qd6 Re3 Qxf4 Re2 Qxf5+ Kc1 Nd3+ Kc2 Ne5+ Kc1 Qf4+ Kb1 Rb8+ Kc2 Qc4+ Kd1 Rb1+ Kd2 Qd3#,5k1r/p4ppp/2p5/3pn3/8/3q1N2/P2KR1PP/1r6 w - - 14 29,-100000,4.676452599989716,white,27,7670,284.0740740740741,974,2108,0.27483702737940024,3.2000000000000015,1.9606503999966662,0.07261668148135801,2.074074074074074,3,0,4,4,23,10,6,11,13,1.9606503999966662,6.039349600003334,black,27,11243,416.4074074074074,1518,7211,0.6413768567108423,2.700000000000001,2.7027523999859113,0.10010194074021894,1.962962962962963,2,0,27,27,0,9,8,10,13,2.7027523999859113,5.297247600014089
20260805_010412,sa100ms_open_game_v2_black,open_game,open_game,e4 e5,rnbqkbnr/pppp1ppp/8/4p3/4P3/8/PPPP1PPP/RNBQKBNR w KQkq - 0 2,0.1,8.0,True,0-1,checkmate,1.0,68,70,b1c3 b8c6 g1f3 g8f6 d2d4 e5d4 c3b5 f8b4 c2c3 d4c3 b2c3 f6e4 c3b4 c6b4 d1d4 b4c2 e1d1 c2d4 b5d4 e4f2 d1c2 f2h1 c1f4 d7d5 f1b5 c7c6 a1e1 c8e6 b5d3 h1g3 h2g3 e8g8 e1e5 f7f5 e5e6 d8a5 c2d1 a5a4 d1c1 a4a3 c1d2 a3a2 d2e3 a2g2 f3e5 g2g1 e3f3 g1d4 e5c6 d4d3 f3g2 b7c6 e6c6 d3e4 g2h2 a8e8 f4d6 f8f6 g3g4 f5g4 c6c5 f6d6 h2g3 e4f3 g3h4 d6h6 h4g5 e8e5,Nc3 Nc6 Nf3 Nf6 d4 exd4 Nb5 Bb4+ c3 dxc3 bxc3 Nxe4 cxb4 Nxb4 Qd4 Nc2+ Kd1 Nxd4 Nbxd4 Nxf2+ Kc2 Nxh1 Bf4 d5 Bb5+ c6 Re1+ Be6 Bd3 Ng3 hxg3 O-O Re5 f5 Rxe6 Qa5 Kd1 Qa4+ Kc1 Qa3+ Kd2 Qxa2+ Ke3 Qxg2 Ne5 Qg1+ Kf3 Qxd4 Nxc6 Qxd3+ Kg2 bxc6 Rxc6 Qe4+ Kh2 Rae8 Bd6 Rf6 g4 fxg4 Rc5 Rxd6 Kg3 Qf3+ Kh4 Rh6+ Kg5 Re5#,e4 e5 Nc3 Nc6 Nf3 Nf6 d4 exd4 Nb5 Bb4+ c3 dxc3 bxc3 Nxe4 cxb4 Nxb4 Qd4 Nc2+ Kd1 Nxd4 Nbxd4 Nxf2+ Kc2 Nxh1 Bf4 d5 Bb5+ c6 Re1+ Be6 Bd3 Ng3 hxg3 O-O Re5 f5 Rxe6 Qa5 Kd1 Qa4+ Kc1 Qa3+ Kd2 Qxa2+ Ke3 Qxg2 Ne5 Qg1+ Kf3 Qxd4 Nxc6 Qxd3+ Kg2 bxc6 Rxc6 Qe4+ Kh2 Rae8 Bd6 Rf6 g4 fxg4 Rc5 Rxd6 Kg3 Qf3+ Kh4 Rh6+ Kg5 Re5#,6k1/p5pp/7r/2Rpr1K1/6p1/5q2/8/8 w - - 6 36,-100000,6.58946350000042,black,34,12556,369.29411764705884,1482,7169,0.5709620898375278,4.100000000000002,3.1660027999751037,0.09311772941103247,1.9705882352941178,3,0,14,17,17,9,16,9,19,3.1660027999751037,4.833997200024896,white,34,14115,415.1470588235294,2133,6397,0.4532058094226001,3.4000000000000017,3.4058084999705898,0.10017083823442911,2.235294117647059,3,0,34,34,0,9,8,17,19,3.4058084999705898,4.59419150002941
20260805_010412,sa100ms_italian_game_v2_white,italian_game,open_game,e4 e5 Nf3 Nc6 Bc4 Bc5,r1bqk1nr/pppp1ppp/2n5/2b1p3/2B1P3/5N2/PPPP1PPP/RNBQK2R w KQkq - 4 4,0.1,8.0,True,1-0,checkmate,1.0,51,57,e1e2 g8f6 c4f7 e8f7 f3g5 f7g6 d2d3 c6d4 e2f1 h8e8 b1c3 d7d6 c1e3 f6e4 g5e4 d4c2 d1c2 c5e3 f2e3 e8f8 f1g1 c8e6 a1e1 f8f1 e1f1 d8h4 g2g4 h4g4 e4g3 g6h6 c2g2 a8e8 g2b7 g4g3 h2g3 h6g5 h1h7 g7g6 h7c7 a7a5 c3e4 g5h5 e4d6 e8d8 b7f3 h5h6 f3h1 e6h3 h1h3 h6g5 d6f7,Ke2 Nf6 Bxf7+ Kxf7 Ng5+ Kg6 d3 Nd4+ Kf1 Re8 Nc3 d6 Be3 Nxe4 Ngxe4 Nxc2 Qxc2 Bxe3 fxe3 Rf8+ Kg1 Be6 Re1 Rf1+ Rxf1 Qh4 g4 Qxg4+ Ng3 Kh6 Qg2 Re8 Qxb7 Qxg3+ hxg3+ Kg5 Rxh7 g6 Rxc7 a5 Ne4+ Kh5 Nxd6 Rd8 Qf3+ Kh6 Qh1+ Bh3 Qxh3+ Kg5 Nf7#,e4 e5 Nf3 Nc6 Bc4 Bc5 Ke2 Nf6 Bxf7+ Kxf7 Ng5+ Kg6 d3 Nd4+ Kf1 Re8 Nc3 d6 Be3 Nxe4 Ngxe4 Nxc2 Qxc2 Bxe3 fxe3 Rf8+ Kg1 Be6 Re1 Rf1+ Rxf1 Qh4 g4 Qxg4+ Ng3 Kh6 Qg2 Re8 Qxb7 Qxg3+ hxg3+ Kg5 Rxh7 g6 Rxc7 a5 Ne4+ Kh5 Nxd6 Rd8 Qf3+ Kh6 Qh1+ Bh3 Qxh3+ Kg5 Nf7#,3r4/2R2N2/6p1/p3p1k1/8/3PP1PQ/PP6/5RK1 b - - 2 29,100000,4.239650999996229,white,26,7020,270.0,1089,2071,0.295014245014245,2.800000000000001,1.7239184000209207,0.06630455384695849,2.0384615384615383,3,0,4,6,20,8,8,10,16,1.7239184000209207,6.276081599979079,black,25,10162,406.48,1418,4480,0.4408580987994489,2.500000000000001,2.5034935000003316,0.10013974000001326,2.12,3,0,25,25,0,8,7,10,12,2.5034935000003316,5.4965064999996684
20260805_010412,sa100ms_italian_game_v2_black,italian_game,open_game,e4 e5 Nf3 Nc6 Bc4 Bc5,r1bqk1nr/pppp1ppp/2n5/2b1p3/2B1P3/5N2/PPPP1PPP/RNBQK2R w KQkq - 4 4,0.1,8.0,True,0-1,checkmate,1.0,136,142,e1e2 g8f6 b1c3 d7d5 e4d5 c6b4 c4b5 e8e7 f3e5 d8d5 c3d5 b4d5 f2f3 d5f4 e2f1 c8f5 e5c6 b7c6 b5c6 a8d8 d1e1 e7f8 e1e7 f8e7 d2d4 d8d4 c1f4 d4f4 a1e1 e7d6 c6b7 f5c2 f1e2 h8e8 e2d2 e8e1 h1e1 c2f5 e1e6 f7e6 g2g4 f4d4 d2c3 d4d3 c3c2 f5g6 f3f4 f6g4 h2h4 d3d5 c2b3 d5d3 b3a4 d3d4 b2b4 d4b4 a4a5 b4b7 a5a6 g6e4 h4h5 c5d4 a2a3 b7b3 a3a4 d6d5 a6a5 c7c6 a5a6 g4f6 a6a5 f6h5 f4f5 e6f5 a5a6 h5f4 a6a5 g7g5 a5a6 h7h5 a6a5 h5h4 a5a6 g5g4 a6a5 f4e6 a5a6 e6f4 a6a5 c6c5 a5a6 c5c4 a4a5 b3e3 a6b7 f4e6 b7a6 d5e5 a6b5 e4d5 b5b4 e6c5 a5a6 c5a6 b4b5 a6c5 b5a5 e3e4 a5b5 c5d3 b5a6 e5d6 a6a5 d6e5 a5a6 e5d6 a6a5 g4g3 a5a6 g3g2 a6a5 g2g1q a5a6 g1g7 a6a5 g7e5 a5b5 e5e8 b5a5 e8e5 a5a6 h4h3 a6a5 e5e8 a5a6 e8a4,Ke2 Nf6 Nc3 d5 exd5 Nb4 Bb5+ Ke7 Nxe5 Qxd5 Nxd5+ Nbxd5 f3 Nf4+ Kf1 Bf5 Nc6+ bxc6 Bxc6 Rad8 Qe1+ Kf8 Qe7+ Kxe7 d4 Rxd4 Bxf4 Rxf4 Re1+ Kd6 Bb7 Bxc2 Ke2 Re8+ Kd2 Rxe1 Rxe1 Bf5 Re6+ fxe6 g4 Rd4+ Kc3 Rd3+ Kc2 Bg6 f4 Nxg4 h4 Rd5+ Kb3 Rd3+ Ka4 Rd4+ b4 Rxb4+ Ka5 Rxb7 Ka6 Be4 h5 Bd4 a3 Rb3 a4 Kd5 Ka5 c6 Ka6 Nf6 Ka5 Nxh5 f5 exf5 Ka6 Nf4 Ka5 g5 Ka6 h5 Ka5 h4 Ka6 g4 Ka5 Ne6 Ka6 Nf4 Ka5 c5 Ka6 c4 a5 Re3 Kb7 Ne6 Ka6 Ke5 Kb5 Bd5 Kb4 Nc5 a6 Nxa6+ Kb5 Nc5 Ka5 Re4 Kb5 Nd3 Ka6 Kd6 Ka5 Ke5 Ka6 Kd6 Ka5 g3 Ka6 g2 Ka5 g1=Q Ka6 Qg7 Ka5 Qe5 Kb5 Qe8+ Ka5 Qe5 Ka6 h3 Ka5 Qe8 Ka6 Qa4#,e4 e5 Nf3 Nc6 Bc4 Bc5 Ke2 Nf6 Nc3 d5 exd5 Nb4 Bb5+ Ke7 Nxe5 Qxd5 Nxd5+ Nbxd5 f3 Nf4+ Kf1 Bf5 Nc6+ bxc6 Bxc6 Rad8 Qe1+ Kf8 Qe7+ Kxe7 d4 Rxd4 Bxf4 Rxf4 Re1+ Kd6 Bb7 Bxc2 Ke2 Re8+ Kd2 Rxe1 Rxe1 Bf5 Re6+ fxe6 g4 Rd4+ Kc3 Rd3+ Kc2 Bg6 f4 Nxg4 h4 Rd5+ Kb3 Rd3+ Ka4 Rd4+ b4 Rxb4+ Ka5 Rxb7 Ka6 Be4 h5 Bd4 a3 Rb3 a4 Kd5 Ka5 c6 Ka6 Nf6 Ka5 Nxh5 f5 exf5 Ka6 Nf4 Ka5 g5 Ka6 h5 Ka5 h4 Ka6 g4 Ka5 Ne6 Ka6 Nf4 Ka5 c5 Ka6 c4 a5 Re3 Kb7 Ne6 Ka6 Ke5 Kb5 Bd5 Kb4 Nc5 a6 Nxa6+ Kb5 Nc5 Ka5 Re4 Kb5 Nd3 Ka6 Kd6 Ka5 Ke5 Ka6 Kd6 Ka5 g3 Ka6 g2 Ka5 g1=Q Ka6 Qg7 Ka5 Qe5 Kb5 Qe8+ Ka5 Qe5 Ka6 h3 Ka5 Qe8 Ka6 Qa4#,8/p7/K2k4/3b1p2/q1pbr3/3n3p/8/8 w - - 4 72,-100000,12.64644430000044,black,68,33113,486.95588235294116,2952,22995,0.6944402500528494,7.29999999999999,5.808903399898554,0.08542504999850815,2.0,3,0,26,47,21,28,28,12,38,5.808903399898554,2.191096600101446,white,68,37487,551.2794117647059,4484,22336,0.5958332221836904,6.799999999999992,6.808045700076036,0.10011831911876523,2.6323529411764706,3,0,68,68,0,35,23,10,27,6.808045700076036,1.1919542999239638
20260805_010412,sa100ms_ruy_lopez_v2_white,ruy_lopez,open_game,e4 e5 Nf3 Nc6 Bb5 a6,r1bqkbnr/1ppp1ppp/p1n5/1B2p3/4P3/5N2/PPPP1PPP/RNBQK2R w KQkq - 0 4,0.1,8.0,True,1/2-1/2,threefold_repetition,0.5,59,65,b5c6 d7c6 f3e5 d8d4 e5f3 d4e4 e1f1 g8f6 f3g5 e4e5 g5f3 e5e4 f3g5 e4c4 f1e1 f8e7 d1f3 f6d7 f3e3 c4c2 g5f7 c2c1 e1e2 c1h1 f7h8 h1g2 e2d1 g2g4 d1c1 g4g1 c1c2 g1h2 b1c3 h2d6 c2b3 d6b4 b3c2 d7e5 e3e5 c8f5 e5f5 b4d4 f5f7 e8d8 f7g8 d8d7 g8a8 d4f2 a8b7 f2f5 c2c1 f5f1 c3d1 f1c4 d1c3 c4f1 c3d1 f1c4 d1c3,Bxc6 dxc6 Nxe5 Qd4 Nf3 Qxe4+ Kf1 Nf6 Ng5 Qe5 Nf3 Qe4 Ng5 Qc4+ Ke1 Be7 Qf3 Nd7 Qe3 Qxc2 Nxf7 Qxc1+ Ke2 Qxh1 Nxh8 Qxg2 Kd1 Qg4+ Kc1 Qg1+ Kc2 Qxh2 Nc3 Qd6 Kb3 Qb4+ Kc2 Ne5 Qxe5 Bf5+ Qxf5 Qd4 Qf7+ Kd8 Qg8+ Kd7 Qxa8 Qxf2 Qxb7 Qf5+ Kc1 Qf1+ Nd1 Qc4+ Nc3 Qf1+ Nd1 Qc4+ Nc3,e4 e5 Nf3 Nc6 Bb5 a6 Bxc6 dxc6 Nxe5 Qd4 Nf3 Qxe4+ Kf1 Nf6 Ng5 Qe5 Nf3 Qe4 Ng5 Qc4+ Ke1 Be7 Qf3 Nd7 Qe3 Qxc2 Nxf7 Qxc1+ Ke2 Qxh1 Nxh8 Qxg2 Kd1 Qg4+ Kc1 Qg1+ Kc2 Qxh2 Nc3 Qd6 Kb3 Qb4+ Kc2 Ne5 Qxe5 Bf5+ Qxf5 Qd4 Qf7+ Kd8 Qg8+ Kd7 Qxa8 Qxf2 Qxb7 Qf5+ Kc1 Qf1+ Nd1 Qc4+ Nc3 Qf1+ Nd1 Qc4+ Nc3,7N/1Qpkb1pp/p1p5/8/2q5/2N5/PP1P4/R1K5 b - - 10 33,0,4.609320200004731,white,30,6793,226.43333333333334,966,1776,0.26144560577064624,3.2000000000000015,1.6901147999742534,0.05633715999914178,2.066666666666667,3,0,4,4,26,7,13,10,20,1.6901147999742534,6.309885200025747,black,29,11892,410.0689655172414,1568,6339,0.5330474268415741,2.9000000000000012,2.9046699999598786,0.10016103448137513,2.1379310344827585,3,0,29,29,0,4,11,14,24,2.9046699999598786,5.095330000040121
20260805_010412,sa100ms_ruy_lopez_v2_black,ruy_lopez,open_game,e4 e5 Nf3 Nc6 Bb5 a6,r1bqkbnr/1ppp1ppp/p1n5/1B2p3/4P3/5N2/PPPP1PPP/RNBQK2R w KQkq - 0 4,0.1,8.0,True,0-1,checkmate,1.0,130,136,b5c6 d7c6 f3e5 d8d4 e5f3 d4e4 d1e2 e4e2 e1e2 g8f6 b1c3 c8f5 d2d4 f5c2 c1f4 f8b4 f4c7 c2f5 c7e5 b4c3 b2c3 f6d5 c3c4 d5c3 e2e1 e8c8 e5g7 h8e8 e1f1 f5d3 f1g1 d3c4 g7f6 d8d5 a1c1 c3e2 g1f1 e2c1 f1g1 c1a2 h2h4 a2c3 g1h2 e8e4 h1c1 c8c7 c1c3 c4b5 g2g4 e4g4 c3e3 c7b6 h4h5 d5h5 f6h4 b5c4 h2h3 f7f5 e3e5 c4f1 h3h2 g4g2 h2h1 g2f2 e5f5 h5f5 h4f2 f5f3 h1g1 f1c4 d4d5 c6c5 d5d6 b6c6 g1g2 c4d5 g2g1 c5c4 f2d4 c6d6 g1h2 d6e6 h2g1 f3f4 d4c3 b7b5 g1h2 h7h5 h2g3 f4g4 g3h2 e6f5 h2h3 g4e4 h3h2 e4e2 h2g1 e2e3 c3d4 e3e4 d4c5 e4e1 g1h2 e1e2 h2g1 e2e1 g1f2 e1d1 f2e3 d1d3 e3f2 d3d2 f2e3 d2d3 e3f2 d3f3 f2g1 f3g3 g1h2 g3g2 h2h3 g2e2 c5d4 e2e4 d4c3 e4e3 h3h4 e3c3 h4h5 c3h3,Bxc6 dxc6 Nxe5 Qd4 Nf3 Qxe4+ Qe2 Qxe2+ Kxe2 Nf6 Nc3 Bf5 d4 Bxc2 Bf4 Bb4 Bxc7 Bf5 Be5 Bxc3 bxc3 Nd5 c4 Nc3+ Ke1 O-O-O Bxg7 Rhe8+ Kf1 Bd3+ Kg1 Bxc4 Bf6 Rd5 Rc1 Ne2+ Kf1 Nxc1+ Kg1 Nxa2 h4 Nc3 Kh2 Re4 Rc1 Kc7 Rxc3 Bb5 g4 Rxg4 Re3 Kb6 h5 Rxh5+ Bh4 Bc4 Kh3 f5 Re5 Bf1+ Kh2 Rg2+ Kh1 Rxf2 Rxf5 Rxf5 Bxf2 Rxf3 Kg1 Bc4 d5+ c5 d6 Kc6 Kg2 Bd5 Kg1 c4 Bd4 Kxd6 Kh2 Ke6 Kg1 Rf4 Bc3 b5 Kh2 h5 Kg3 Rg4+ Kh2 Kf5 Kh3 Re4 Kh2 Re2+ Kg1 Re3 Bd4 Re4 Bc5 Re1+ Kh2 Re2+ Kg1 Re1+ Kf2 Rd1 Ke3 Rd3+ Kf2 Rd2+ Ke3 Rd3+ Kf2 Rf3+ Kg1 Rg3+ Kh2 Rg2+ Kh3 Re2 Bd4 Re4 Bc3 Re3+ Kh4 Rxc3 Kxh5 Rh3#,e4 e5 Nf3 Nc6 Bb5 a6 Bxc6 dxc6 Nxe5 Qd4 Nf3 Qxe4+ Qe2 Qxe2+ Kxe2 Nf6 Nc3 Bf5 d4 Bxc2 Bf4 Bb4 Bxc7 Bf5 Be5 Bxc3 bxc3 Nd5 c4 Nc3+ Ke1 O-O-O Bxg7 Rhe8+ Kf1 Bd3+ Kg1 Bxc4 Bf6 Rd5 Rc1 Ne2+ Kf1 Nxc1+ Kg1 Nxa2 h4 Nc3 Kh2 Re4 Rc1 Kc7 Rxc3 Bb5 g4 Rxg4 Re3 Kb6 h5 Rxh5+ Bh4 Bc4 Kh3 f5 Re5 Bf1+ Kh2 Rg2+ Kh1 Rxf2 Rxf5 Rxf5 Bxf2 Rxf3 Kg1 Bc4 d5+ c5 d6 Kc6 Kg2 Bd5 Kg1 c4 Bd4 Kxd6 Kh2 Ke6 Kg1 Rf4 Bc3 b5 Kh2 h5 Kg3 Rg4+ Kh2 Kf5 Kh3 Re4 Kh2 Re2+ Kg1 Re3 Bd4 Re4 Bc5 Re1+ Kh2 Re2+ Kg1 Re1+ Kf2 Rd1 Ke3 Rd3+ Kf2 Rd2+ Ke3 Rd3+ Kf2 Rf3+ Kg1 Rg3+ Kh2 Rg2+ Kh3 Re2 Bd4 Re4 Bc3 Re3+ Kh4 Rxc3 Kxh5 Rh3#,8/8/p7/1p1b1k1K/2p5/7r/8/8 w - - 1 69,-100000,12.722000099995057,black,65,29609,455.5230769230769,3055,14618,0.4937012394879935,8.114936900032328,6.182374899959541,0.09511345999937755,2.123076923076923,3,0,21,25,40,16,27,22,46,6.182374899959541,1.817625100040459,white,65,30796,473.7846153846154,4312,15644,0.5079880503961554,6.499999999999993,6.508283300019684,0.10012743538491822,2.4153846153846152,4,0,65,65,0,20,32,13,40,6.508283300019684,1.4917166999803158
20260805_010412,sa100ms_scotch_game_v2_white,scotch_game,open_game,e4 e5 Nf3 Nc6 d4 exd4,r1bqkbnr/pppp1ppp/2n5/8/3pP3/5N2/PPP2PPP/RNBQKB1R w KQkq - 0 4,0.1,8.0,True,0-1,checkmate,0.0,54,60,b1d2 g8f6 f1c4 d7d5 e4d5 d8e7 e1f1 c6b4 f3d4 e7e5 c4b5 e8d8 d4e6 f7e6 d1f3 e6d5 f3f6 g7f6 c2c3 b4c2 d2e4 c2a1 e4d2 a1c2 d2f3 e5e4 c1e3 c2e3 f2e3 e4e3 f3h4 f8d6 h4f5 c8f5 h2h4 h8g8 g2g3 g8g3 h4h5 g3g4 b2b4 e3c3 f1f2 g4b4 h1e1 b4b5 e1e2 c3d4 f2f1 b5b1 f1g2 b1g1 g2f3 f5g4,Nbd2 Nf6 Bc4 d5 exd5 Qe7+ Kf1 Nb4 Nxd4 Qe5 Bb5+ Kd8 Ne6+ fxe6 Qf3 exd5 Qxf6+ gxf6 c3 Nc2 Ne4 Nxa1 Nd2 Nc2 Nf3 Qe4 Be3 Nxe3+ fxe3 Qxe3 Nh4 Bd6 Nf5 Bxf5 h4 Rg8 g3 Rxg3 h5 Rg4 b4 Qxc3 Kf2 Rxb4 Re1 Rxb5 Re2 Qd4+ Kf1 Rb1+ Kg2 Rg1+ Kf3 Bg4#,e4 e5 Nf3 Nc6 d4 exd4 Nbd2 Nf6 Bc4 d5 exd5 Qe7+ Kf1 Nb4 Nxd4 Qe5 Bb5+ Kd8 Ne6+ fxe6 Qf3 exd5 Qxf6+ gxf6 c3 Nc2 Ne4 Nxa1 Nd2 Nc2 Nf3 Qe4 Be3 Nxe3+ fxe3 Qxe3 Nh4 Bd6 Nf5 Bxf5 h4 Rg8 g3 Rxg3 h5 Rg4 b4 Qxc3 Kf2 Rxb4 Re1 Rxb5 Re2 Qd4+ Kf1 Rb1+ Kg2 Rg1+ Kf3 Bg4#,r2k4/ppp4p/3b1p2/3p3P/3q2b1/5K2/P3R3/6r1 w - - 8 31,-100000,4.714688399995794,white,27,8252,305.6296296296296,569,2687,0.3256180319922443,2.800000000000001,1.9975537000282202,0.07398347037141556,1.8148148148148149,2,0,7,7,20,2,12,13,16,1.9975537000282202,6.00244629997178,black,27,11138,412.51851851851853,1365,5911,0.5307056922248159,2.700000000000001,2.703574600003776,0.10013239259273245,2.0,2,0,27,27,0,9,10,8,18,2.703574600003776,5.296425399996224
20260805_010412,sa100ms_scotch_game_v2_black,scotch_game,open_game,e4 e5 Nf3 Nc6 d4 exd4,r1bqkbnr/pppp1ppp/2n5/8/3pP3/5N2/PPP2PPP/RNBQKB1R w KQkq - 0 4,0.1,8.0,True,0-1,checkmate,1.0,110,116,b1d2 g8f6 f1c4 d7d5 e4d5 d8e7 e1f1 f6d5 c4d5 c6b4 d5c4 c8f5 f3d4 f5g6 c4b5 e8d8 d4e6 e7e6 d2e4 d8c8 e4c3 f8c5 d1d8 h8d8 b5d7 d8d7 c1f4 g6c2 f4c7 d7c7 a1d1 c2d1 c3d1 b4a2 f2f4 e6c4 f1e1 c4f4 h2h3 c7e7 d1e3 e7e3 e1d1 a2b4 h3h4 b4d5 h4h5 c8d7 d1c2 f4e4 c2c1 e4g2 h1d1 g2b2 c1b2 c5d4 d1d4 a8e8 d4d5 d7c6 d5d6 c6d6 b2c2 e8e5 c2b2 e5h5 b2c2 h5d5 c2b2 e3e4 b2c3 f7f6 c3b2 d6e5 b2c3 h7h5 c3b2 g7g5 b2c3 f6f5 c3b2 a7a5 b2c3 b7b5 c3b2 b5b4 b2b3 h5h4 b3b2 a5a4 b2c2 e5d4 c2b2 d4e5 b2c2 g5g4 c2b2 a4a3 b2b3 g4g3 b3a2 g3g2 a2b3 g2g1q b3a2 g1d4 a2b3 d4c4 b3a4 c4c2,Nbd2 Nf6 Bc4 d5 exd5 Qe7+ Kf1 Nxd5 Bxd5 Nb4 Bc4 Bf5 Nxd4 Bg6 Bb5+ Kd8 Ne6+ Qxe6 Ne4+ Kc8 Nc3 Bc5 Qd8+ Rxd8 Bd7+ Rxd7 Bf4 Bxc2 Bxc7 Rxc7 Rd1 Bxd1 Nxd1 Nxa2 f4 Qc4+ Ke1 Qxf4 h3 Re7+ Ne3 Rxe3+ Kd1 Nb4 h4 Nd5 h5 Kd7 Kc2 Qe4+ Kc1 Qxg2 Rd1 Qxb2+ Kxb2 Bd4+ Rxd4 Rae8 Rxd5+ Kc6 Rd6+ Kxd6 Kc2 R8e5 Kb2 Rxh5 Kc2 Rd5 Kb2 Re4 Kc3 f6 Kb2 Ke5 Kc3 h5 Kb2 g5 Kc3 f5 Kb2 a5 Kc3 b5 Kb2 b4 Kb3 h4 Kb2 a4 Kc2 Kd4 Kb2 Ke5 Kc2 g4 Kb2 a3+ Kb3 g3 Ka2 g2 Kb3 g1=Q Ka2 Qd4 Kb3 Qc4+ Ka4 Qc2#,e4 e5 Nf3 Nc6 d4 exd4 Nbd2 Nf6 Bc4 d5 exd5 Qe7+ Kf1 Nxd5 Bxd5 Nb4 Bc4 Bf5 Nxd4 Bg6 Bb5+ Kd8 Ne6+ Qxe6 Ne4+ Kc8 Nc3 Bc5 Qd8+ Rxd8 Bd7+ Rxd7 Bf4 Bxc2 Bxc7 Rxc7 Rd1 Bxd1 Nxd1 Nxa2 f4 Qc4+ Ke1 Qxf4 h3 Re7+ Ne3 Rxe3+ Kd1 Nb4 h4 Nd5 h5 Kd7 Kc2 Qe4+ Kc1 Qxg2 Rd1 Qxb2+ Kxb2 Bd4+ Rxd4 Rae8 Rxd5+ Kc6 Rd6+ Kxd6 Kc2 R8e5 Kb2 Rxh5 Kc2 Rd5 Kb2 Re4 Kc3 f6 Kb2 Ke5 Kc3 h5 Kb2 g5 Kc3 f5 Kb2 a5 Kc3 b5 Kb2 b4 Kb3 h4 Kb2 a4 Kc2 Kd4 Kb2 Ke5 Kc2 g4 Kb2 a3+ Kb3 g3 Ka2 g2 Kb3 g1=Q Ka2 Qd4 Kb3 Qc4+ Ka4 Qc2#,8/8/8/3rkp2/Kp2r2p/p7/2q5/8 w - - 6 59,-100000,10.01512179999554,black,55,8093,147.14545454545456,1449,1499,0.1852217966143581,5.699999999999996,4.410818999909679,0.0801967090892669,1.6545454545454545,3,0,21,22,33,12,36,7,20,4.410818999909679,3.5891810000903206,white,55,13547,246.3090909090909,1552,6629,0.4893334317561084,5.4999999999999964,5.522126599971671,0.10040230181766674,1.8545454545454545,3,0,55,55,0,24,21,10,18,5.522126599971671,2.4778734000283293
20260805_010412,sa100ms_sicilian_defence_v2_white,sicilian_defence,semi_open_game,e4 c5 Nf3 d6 d4 cxd4,rnbqkbnr/pp2pppp/3p4/8/3pP3/5N2/PPP2PPP/RNBQKB1R w KQkq - 0 4,0.1,8.0,True,1/2-1/2,threefold_repetition,0.5,153,159,d1d4 d8a5 b1c3 a5c3 b2c3 g8f6 d4f6 g7f6 f1b5 e8d8 c1e3 b8c6 b5c6 b7c6 e3a7 a8a7 e1c1 a7a2 d1d6 e7d6 h1d1 a2c2 c1c2 c8e6 d1d6 f8d6 f3e5 f6e5 f2f4 e5f4 c2d3 d6e5 h2h4 e5c3 d3c3 h8g8 c3d4 g8g2 h4h5 g2g5 h5h6 g5e5 d4e5 f4f3 e5d4 f7f6 d4e3 e6g4 e3d4 g4e6 d4e3 f3f2 e3f2 c6c5 f2e3 d8c7 e3f4 c7c6 f4e3 e6c4 e3f4 c4e6 f4e3 c5c4 e3d4 c6b7 d4c5 b7c7 c5d4 c7c6 d4e3 c6c5 e3f4 c5d4 f4f3 c4c3 f3f4 c3c2 f4f3 c2c1q e4e5 f6e5 f3g3 c1h6 g3f3 h6f4 f3e2 e6d5 e2d1 h7h5 d1c2 f4e4 c2d2 e4d3 d2e1 h5h4 e1f2 d3e4 f2f1 e4d3 f1f2 d3e4 f2f1 e4f5 f1e2 f5f4 e2e1 f4f5 e1e2 f5f4 e2e1 f4e3 e1f1 e3e4 f1f2 e4e3 f2f1 e3e4 f1f2 e4d3 f2g1 d3f5 g1h2 f5e4 h2h3 d5e6 h3h2 e6d5 h2h3 e4f5 h3h4 f5f4 h4h3 f4f5 h3h4 f5f4 h4h3 f4e4 h3g3 e4d3 g3h4 d3f5 h4g3 f5e4 g3h3 d5e6 h3g3 e6d5 g3h3 e4d3 h3h4 d3f5 h4g3,Qxd4 Qa5+ Nc3 Qxc3+ bxc3 Nf6 Qxf6 gxf6 Bb5+ Kd8 Be3 Nc6 Bxc6 bxc6 Bxa7 Rxa7 O-O-O Rxa2 Rxd6+ exd6 Rd1 Rxc2+ Kxc2 Be6 Rxd6+ Bxd6 Ne5 fxe5 f4 exf4 Kd3 Be5 h4 Bxc3 Kxc3 Rg8 Kd4 Rxg2 h5 Rg5 h6 Re5 Kxe5 f3 Kd4 f6 Ke3 Bg4 Kd4 Be6 Ke3 f2 Kxf2 c5 Ke3 Kc7 Kf4 Kc6 Ke3 Bc4 Kf4 Be6 Ke3 c4 Kd4 Kb7 Kc5 Kc7 Kd4 Kc6 Ke3 Kc5 Kf4 Kd4 Kf3 c3 Kf4 c2 Kf3 c1=Q e5 fxe5 Kg3 Qxh6 Kf3 Qf4+ Ke2 Bd5 Kd1 h5 Kc2 Qe4+ Kd2 Qd3+ Ke1 h4 Kf2 Qe4 Kf1 Qd3+ Kf2 Qe4 Kf1 Qf5+ Ke2 Qf4 Ke1 Qf5 Ke2 Qf4 Ke1 Qe3+ Kf1 Qe4 Kf2 Qe3+ Kf1 Qe4 Kf2 Qd3 Kg1 Qf5 Kh2 Qe4 Kh3 Be6+ Kh2 Bd5 Kh3 Qf5+ Kxh4 Qf4+ Kh3 Qf5+ Kh4 Qf4+ Kh3 Qe4 Kg3 Qd3+ Kh4 Qf5 Kg3 Qe4 Kh3 Be6+ Kg3 Bd5 Kh3 Qd3+ Kh4 Qf5 Kg3,e4 c5 Nf3 d6 d4 cxd4 Qxd4 Qa5+ Nc3 Qxc3+ bxc3 Nf6 Qxf6 gxf6 Bb5+ Kd8 Be3 Nc6 Bxc6 bxc6 Bxa7 Rxa7 O-O-O Rxa2 Rxd6+ exd6 Rd1 Rxc2+ Kxc2 Be6 Rxd6+ Bxd6 Ne5 fxe5 f4 exf4 Kd3 Be5 h4 Bxc3 Kxc3 Rg8 Kd4 Rxg2 h5 Rg5 h6 Re5 Kxe5 f3 Kd4 f6 Ke3 Bg4 Kd4 Be6 Ke3 f2 Kxf2 c5 Ke3 Kc7 Kf4 Kc6 Ke3 Bc4 Kf4 Be6 Ke3 c4 Kd4 Kb7 Kc5 Kc7 Kd4 Kc6 Ke3 Kc5 Kf4 Kd4 Kf3 c3 Kf4 c2 Kf3 c1=Q e5 fxe5 Kg3 Qxh6 Kf3 Qf4+ Ke2 Bd5 Kd1 h5 Kc2 Qe4+ Kd2 Qd3+ Ke1 h4 Kf2 Qe4 Kf1 Qd3+ Kf2 Qe4 Kf1 Qf5+ Ke2 Qf4 Ke1 Qf5 Ke2 Qf4 Ke1 Qe3+ Kf1 Qe4 Kf2 Qe3+ Kf1 Qe4 Kf2 Qd3 Kg1 Qf5 Kh2 Qe4 Kh3 Be6+ Kh2 Bd5 Kh3 Qf5+ Kxh4 Qf4+ Kh3 Qf5+ Kh4 Qf4+ Kh3 Qe4 Kg3 Qd3+ Kh4 Qf5 Kg3 Qe4 Kh3 Be6+ Kg3 Bd5 Kh3 Qd3+ Kh4 Qf5 Kg3,8/8/8/3bpq2/3k4/6K1/8/8 b - - 22 80,0,13.411175300003379,white,77,4681,60.79220779220779,157,1031,0.22025208288827175,7.699999999999989,5.2107623999909265,0.06767223896092113,1.7532467532467533,2,0,19,19,58,42,35,0,22,5.2107623999909265,2.7892376000090735,black,76,7010,92.23684210526316,1284,3023,0.4312410841654779,7.599999999999989,7.953022400019108,0.1046450315791988,1.4210526315789473,2,0,76,76,0,12,63,1,23,7.953022400019108,0.04697759998089168
20260805_010412,sa100ms_sicilian_defence_v2_black,sicilian_defence,semi_open_game,e4 c5 Nf3 d6 d4 cxd4,rnbqkbnr/pp2pppp/3p4/8/3pP3/5N2/PPP2PPP/RNBQKB1R w KQkq - 0 4,0.1,8.0,True,1-0,checkmate,0.0,73,79,d1d4 d8a5 b1c3 g8h6 c1h6 a5c3 b2c3 g7h6 d4h8 b8c6 h8f8 e8f8 f1c4 c8e6 c4e6 f7e6 e1c1 c6d4 d1d4 e6e5 f3e5 d6e5 h1e1 e5d4 c3d4 e7e5 d4e5 a8d8 e1e3 d8d1 c1d1 h6h5 c2c4 b7b5 c4b5 f8f7 f2f4 f7e6 e3d3 h5h4 d3d6 e6f7 d1e2 h7h5 e2e3 a7a5 b5a6 f7g7 e3d4 g7f7 d6d5 f7e6 h2h3 e6f7 a2a4 f7e6 a6a7 e6f7 a7a8q f7g7 a8c6 g7g8 g2g4 h4g3 c6e6 g8g7 h3h4 g3g2 e6f6 g7h7 f6e7 h7h8 d5d8,Qxd4 Qa5+ Nc3 Nh6 Bxh6 Qxc3+ bxc3 gxh6 Qxh8 Nc6 Qxf8+ Kxf8 Bc4 Be6 Bxe6 fxe6 O-O-O Nd4 Rxd4 e5 Nxe5 dxe5 Re1 exd4 cxd4 e5 dxe5 Rd8 Re3 Rd1+ Kxd1 h5 c4 b5 cxb5 Kf7 f4 Ke6 Rd3 h4 Rd6+ Kf7 Ke2 h5 Ke3 a5 bxa6 Kg7 Kd4 Kf7 Rd5 Ke6 h3 Kf7 a4 Ke6 a7 Kf7 a8=Q Kg7 Qc6 Kg8 g4 hxg3 Qe6+ Kg7 h4 g2 Qf6+ Kh7 Qe7+ Kh8 Rd8#,e4 c5 Nf3 d6 d4 cxd4 Qxd4 Qa5+ Nc3 Nh6 Bxh6 Qxc3+ bxc3 gxh6 Qxh8 Nc6 Qxf8+ Kxf8 Bc4 Be6 Bxe6 fxe6 O-O-O Nd4 Rxd4 e5 Nxe5 dxe5 Re1 exd4 cxd4 e5 dxe5 Rd8 Re3 Rd1+ Kxd1 h5 c4 b5 cxb5 Kf7 f4 Ke6 Rd3 h4 Rd6+ Kf7 Ke2 h5 Ke3 a5 bxa6 Kg7 Kd4 Kf7 Rd5 Ke6 h3 Kf7 a4 Ke6 a7 Kf7 a8=Q Kg7 Qc6 Kg8 g4 hxg3 Qe6+ Kg7 h4 g2 Qf6+ Kh7 Qe7+ Kh8 Rd8#,3R3k/4Q3/8/4P2p/P2KPP1P/8/6p1/8 b - - 5 40,100000,6.919291199999861,black,36,2701,75.02777777777777,90,1345,0.4979637171417993,3.600000000000002,3.1168456999439513,0.08657904722066531,1.3888888888888888,2,1,21,21,15,9,27,0,5,3.1168456999439513,4.883154300056049,white,37,3189,86.1891891891892,498,1294,0.40576983380370024,3.700000000000002,3.7187045000027865,0.10050552702710233,1.4594594594594594,2,0,37,37,0,13,24,0,4,3.7187045000027865,4.2812954999972135
20260805_010412,sa100ms_french_defence_v2_white,french_defence,semi_open_game,e4 e6 d4 d5 Nc3 Nf6,rnbqkb1r/ppp2ppp/4pn2/3p4/3PP3/2N5/PPP2PPP/R1BQKBNR w KQkq - 2 4,0.1,8.0,False,*,max_plies_truncation,,160,166,c3d5 d8d5 e4d5 e6d5 g1h3 c8h3 g2h3 f8b4 e1e2 b8c6 c1f4 c6d4 d1d4 f6e4 d4e4 d5e4 f4c7 a8d8 c7d8 e8d8 a1d1 d8e7 d1d7 e7d7 f1g2 h8e8 h1d1 d7c6 g2e4 e8e4 e2f3 b4d2 f3e4 f7f5 e4f5 g7g6 f5e4 c6c5 d1d2 c5c4 d2d4 c4c5 b2b4 c5c6 b4b5 c6b5 c2c4 b5c5 d4d5 c5c4 f2f4 b7b5 h3h4 h7h5 d5d4 c4c5 d4d5 c5c4 d5d4 c4c5 h2h3 a7a5 d4d5 c5c4 a2a3 a5a4 d5d4 c4b3 d4d3 b3c4 d3d4 c4c5 e4e5 c5c6 d4d5 c6b7 d5b5 b7c6 b5d5 c6b7 e5e4 g6g5 h4g5 b7c6 h3h4 c6b7 g5g6 b7c6 d5h5 c6d6 h5d5 d6e6 g6g7 e6f6 g7g8q f6e7 g8e6 e7e6 h4h5 e6f6 d5e5 f6g7 e4d4 g7f6 h5h6 f6g6 e5e6 g6f5 e6e4 f5f6 e4e5 f6g6 e5e6 g6f5 d4d5 f5f4 e6e4 f4f5 e4a4 f5f6 a4e4 f6f5 a3a4 f5f6 e4e5 f6f7 d5d4 f7f6 a4a5 f6g6 e5e6 g6f5 e6e5 f5f4 h6h7 f4f3 h7h8q f3f4 h8f6 f4g3 f6f3 g3f3 e5e4 f3g2 d4d5 g2f3 a5a6 f3g2 a6a7 g2f3 a7a8q f3g2 a8c6 g2f3 c6f6 f3g2 f6e5 g2f3 e5d4 f3g3,Nxd5 Qxd5 exd5 exd5 Nh3 Bxh3 gxh3 Bb4+ Ke2 Nc6 Bf4 Nxd4+ Qxd4 Ne4 Qxe4+ dxe4 Bxc7 Rd8 Bxd8 Kxd8 Rd1+ Ke7 Rd7+ Kxd7 Bg2 Re8 Rd1+ Kc6 Bxe4+ Rxe4+ Kf3 Bd2 Kxe4 f5+ Kxf5 g6+ Ke4 Kc5 Rxd2 Kc4 Rd4+ Kc5 b4+ Kc6 b5+ Kxb5 c4+ Kc5 Rd5+ Kxc4 f4 b5 h4 h5 Rd4+ Kc5 Rd5+ Kc4 Rd4+ Kc5 h3 a5 Rd5+ Kc4 a3 a4 Rd4+ Kb3 Rd3+ Kc4 Rd4+ Kc5 Ke5 Kc6 Rd5 Kb7 Rxb5+ Kc6 Rd5 Kb7 Ke4 g5 hxg5 Kc6 h4 Kb7 g6 Kc6 Rxh5 Kd6 Rd5+ Ke6 g7 Kf6 g8=Q Ke7 Qe6+ Kxe6 h5 Kf6 Re5 Kg7 Kd4 Kf6 h6 Kg6 Re6+ Kf5 Re4 Kf6 Re5 Kg6 Re6+ Kf5 Kd5 Kxf4 Re4+ Kf5 Rxa4 Kf6 Re4 Kf5 a4 Kf6 Re5 Kf7 Kd4 Kf6 a5 Kg6 Re6+ Kf5 Re5+ Kf4 h7 Kf3 h8=Q Kf4 Qf6+ Kg3 Qf3+ Kxf3 Re4 Kg2 Kd5 Kf3 a6 Kg2 a7 Kf3 a8=Q Kg2 Qc6 Kf3 Qf6+ Kg2 Qe5 Kf3 Qd4 Kg3,e4 e6 d4 d5 Nc3 Nf6 Nxd5 Qxd5 exd5 exd5 Nh3 Bxh3 gxh3 Bb4+ Ke2 Nc6 Bf4 Nxd4+ Qxd4 Ne4 Qxe4+ dxe4 Bxc7 Rd8 Bxd8 Kxd8 Rd1+ Ke7 Rd7+ Kxd7 Bg2 Re8 Rd1+ Kc6 Bxe4+ Rxe4+ Kf3 Bd2 Kxe4 f5+ Kxf5 g6+ Ke4 Kc5 Rxd2 Kc4 Rd4+ Kc5 b4+ Kc6 b5+ Kxb5 c4+ Kc5 Rd5+ Kxc4 f4 b5 h4 h5 Rd4+ Kc5 Rd5+ Kc4 Rd4+ Kc5 h3 a5 Rd5+ Kc4 a3 a4 Rd4+ Kb3 Rd3+ Kc4 Rd4+ Kc5 Ke5 Kc6 Rd5 Kb7 Rxb5+ Kc6 Rd5 Kb7 Ke4 g5 hxg5 Kc6 h4 Kb7 g6 Kc6 Rxh5 Kd6 Rd5+ Ke6 g7 Kf6 g8=Q Ke7 Qe6+ Kxe6 h5 Kf6 Re5 Kg7 Kd4 Kf6 h6 Kg6 Re6+ Kf5 Re4 Kf6 Re5 Kg6 Re6+ Kf5 Kd5 Kxf4 Re4+ Kf5 Rxa4 Kf6 Re4 Kf5 a4 Kf6 Re5 Kf7 Kd4 Kf6 a5 Kg6 Re6+ Kf5 Re5+ Kf4 h7 Kf3 h8=Q Kf4 Qf6+ Kg3 Qf3+ Kxf3 Re4 Kg2 Kd5 Kf3 a6 Kg2 a7 Kf3 a8=Q Kg2 Qc6 Kf3 Qf6+ Kg2 Qe5 Kf3 Qd4 Kg3,8/8/8/3K4/3QR3/6k1/8/8 w - - 9 84,1594,15.223937200004002,white,80,6204,77.55,1084,1871,0.30157962604771116,8.399999999999988,6.79522410001664,0.08494030125020799,1.65,2,1,33,31,49,36,37,7,21,6.79522410001664,1.2047758999833604,black,80,7509,93.8625,781,3454,0.4599813557064856,7.847436799955892,8.000877200058312,0.1000109650007289,1.7625,3,1,80,80,0,42,35,3,10,8.0,0.0
20260805_010412,sa100ms_french_defence_v2_black,french_defence,semi_open_game,e4 e6 d4 d5 Nc3 Nf6,rnbqkb1r/ppp2ppp/4pn2/3p4/3PP3/2N5/PPP2PPP/R1BQKBNR w KQkq - 2 4,0.1,8.0,True,1-0,checkmate,0.0,117,123,c3d5 d8d5 e4d5 e6d5 f1b5 e8d8 g1f3 f8b4 c2c3 b4c3 b2c3 h8e8 b5e8 d8e8 d1e2 c8e6 e2e6 f7e6 c1f4 b8c6 f4c7 c6d4 f3d4 e6e5 c7e5 a8d8 e5f6 g7f6 e1c1 d8d6 h1e1 d6e6 e1e6 e8d8 e6f6 h7h5 d1e1 b7b5 d4b5 a7a5 e1e4 d5e4 b5d4 h5h4 f6d6 d8e7 d6d5 e7f6 d5a5 f6g7 a5e5 g7f6 e5e4 f6f7 e4h4 f7f6 h4e4 f6g7 f2f3 g7f6 e4e5 f6e5 h2h4 e5d5 f3f4 d5e4 g2g3 e4d5 a2a4 d5e4 c1d2 e4d5 d2e3 d5d6 e3e4 d6c5 g3g4 c5c4 d4b5 c4c5 b5d4 c5c4 h4h5 c4c3 e4d5 c3d3 g4g5 d3e3 d5e5 e3d3 e5d5 d3e3 f4f5 e3f4 g5g6 f4e3 g6g7 e3d3 g7g8q d3e3 g8e6 e3f4 e6e5 f4g4 f5f6 g4h4 e5e4 h4h5 a4a5 h5g5 f6f7 g5f6 f7f8q f6g5 f8d6 g5h5 d6g6,Nxd5 Qxd5 exd5 exd5 Bb5+ Kd8 Nf3 Bb4+ c3 Bxc3+ bxc3 Re8+ Bxe8 Kxe8 Qe2+ Be6 Qxe6+ fxe6 Bf4 Nc6 Bxc7 Nxd4 Nxd4 e5 Bxe5 Rd8 Bxf6 gxf6 O-O-O Rd6 Rhe1+ Re6 Rxe6+ Kd8 Rxf6 h5 Re1 b5 Nxb5 a5 Re4 dxe4 Nd4 h4 Rd6+ Ke7 Rd5 Kf6 Rxa5 Kg7 Re5 Kf6 Rxe4 Kf7 Rxh4 Kf6 Re4 Kg7 f3 Kf6 Re5 Kxe5 h4 Kd5 f4 Ke4 g3 Kd5 a4 Ke4 Kd2 Kd5 Ke3 Kd6 Ke4 Kc5 g4 Kc4 Nb5 Kc5 Nd4 Kc4 h5 Kxc3 Kd5 Kd3 g5 Ke3 Ke5 Kd3 Kd5 Ke3 f5 Kf4 g6 Ke3 g7 Kd3 g8=Q Ke3 Qe6+ Kf4 Qe5+ Kg4 f6 Kh4 Qe4+ Kxh5 a5 Kg5 f7 Kf6 f8=Q+ Kg5 Qd6 Kh5 Qdg6#,e4 e6 d4 d5 Nc3 Nf6 Nxd5 Qxd5 exd5 exd5 Bb5+ Kd8 Nf3 Bb4+ c3 Bxc3+ bxc3 Re8+ Bxe8 Kxe8 Qe2+ Be6 Qxe6+ fxe6 Bf4 Nc6 Bxc7 Nxd4 Nxd4 e5 Bxe5 Rd8 Bxf6 gxf6 O-O-O Rd6 Rhe1+ Re6 Rxe6+ Kd8 Rxf6 h5 Re1 b5 Nxb5 a5 Re4 dxe4 Nd4 h4 Rd6+ Ke7 Rd5 Kf6 Rxa5 Kg7 Re5 Kf6 Rxe4 Kf7 Rxh4 Kf6 Re4 Kg7 f3 Kf6 Re5 Kxe5 h4 Kd5 f4 Ke4 g3 Kd5 a4 Ke4 Kd2 Kd5 Ke3 Kd6 Ke4 Kc5 g4 Kc4 Nb5 Kc5 Nd4 Kc4 h5 Kxc3 Kd5 Kd3 g5 Ke3 Ke5 Kd3 Kd5 Ke3 f5 Kf4 g6 Ke3 g7 Kd3 g8=Q Ke3 Qe6+ Kf4 Qe5+ Kg4 f6 Kh4 Qe4+ Kxh5 a5 Kg5 f7 Kf6 f8=Q+ Kg5 Qd6 Kh5 Qdg6#,8/8/6Q1/P2K3k/3NQ3/8/8/8 b - - 4 62,100000,10.522278300006292,black,58,3508,60.48275862068966,107,1107,0.31556442417331815,5.799999999999995,4.330739399942104,0.07466792068865696,1.6379310344827587,2,0,23,21,37,28,27,3,8,4.330739399942104,3.6692606000578962,white,59,5355,90.76271186440678,872,2586,0.48291316526610645,5.899999999999995,5.952976399974432,0.1008979050843124,1.3728813559322033,2,0,59,59,0,18,40,1,6,5.952976399974432,2.047023600025568
20260805_010412,sa100ms_caro_kann_defence_v2_white,caro_kann_defence,semi_open_game,e4 c6 d4 d5 Nc3 dxe4,rnbqkbnr/pp2pppp/2p5/8/3Pp3/2N5/PPP2PPP/R1BQKBNR w KQkq - 0 4,0.1,8.0,True,1/2-1/2,threefold_repetition,0.5,98,104,c3e4 d8d4 d1d4 g8f6 e4f6 g7f6 d4f6 e7f6 g1f3 f8b4 c1d2 b4d2 e1d2 b8d7 a1e1 e8d8 f1c4 d7e5 e1e5 f6e5 f3e5 c8f5 e5c6 b7c6 c4f7 f5c2 d2c2 h8e8 f7e8 d8e8 h1e1 e8f7 e1e5 a8d8 f2f4 d8d2 c2d2 c6c5 e5c5 f7e6 c5e5 e6d6 d2d3 h7h5 e5h5 a7a5 h5h8 d6e7 h8d8 e7d8 d3d4 d8e7 d4e5 a5a4 h2h4 e7f7 g2g4 f7g7 a2a3 g7f7 h4h5 f7e7 g4g5 e7d7 e5d5 d7c7 h5h6 c7d7 h6h7 d7c7 h7h8q c7b6 h8d4 b6b5 f4f5 b5a5 d5e5 a5b5 d4d5 b5b6 b2b4 a4b3 d5b3 b6c5 b3d5 c5b6 a3a4 b6c7 a4a5 c7b8 d5d4 b8b7 d4d5 b7b8 d5d4 b8b7 e5d5 b7b8,Nxe4 Qxd4 Qxd4 Nf6 Nxf6+ gxf6 Qxf6 exf6 Nf3 Bb4+ Bd2 Bxd2+ Kxd2 Nd7 Re1+ Kd8 Bc4 Ne5 Rxe5 fxe5 Nxe5 Bf5 Nxc6+ bxc6 Bxf7 Bxc2 Kxc2 Re8 Bxe8 Kxe8 Re1+ Kf7 Re5 Rd8 f4 Rd2+ Kxd2 c5 Rxc5 Ke6 Re5+ Kd6 Kd3 h5 Rxh5 a5 Rh8 Ke7 Rd8 Kxd8 Kd4 Ke7 Ke5 a4 h4 Kf7 g4 Kg7 a3 Kf7 h5 Ke7 g5 Kd7 Kd5 Kc7 h6 Kd7 h7 Kc7 h8=Q Kb6 Qd4+ Kb5 f5 Ka5 Ke5 Kb5 Qd5+ Kb6 b4 axb3 Qxb3+ Kc5 Qd5+ Kb6 a4 Kc7 a5 Kb8 Qd4 Kb7 Qd5+ Kb8 Qd4 Kb7 Kd5 Kb8,e4 c6 d4 d5 Nc3 dxe4 Nxe4 Qxd4 Qxd4 Nf6 Nxf6+ gxf6 Qxf6 exf6 Nf3 Bb4+ Bd2 Bxd2+ Kxd2 Nd7 Re1+ Kd8 Bc4 Ne5 Rxe5 fxe5 Nxe5 Bf5 Nxc6+ bxc6 Bxf7 Bxc2 Kxc2 Re8 Bxe8 Kxe8 Re1+ Kf7 Re5 Rd8 f4 Rd2+ Kxd2 c5 Rxc5 Ke6 Re5+ Kd6 Kd3 h5 Rxh5 a5 Rh8 Ke7 Rd8 Kxd8 Kd4 Ke7 Ke5 a4 h4 Kf7 g4 Kg7 a3 Kf7 h5 Ke7 g5 Kd7 Kd5 Kc7 h6 Kd7 h7 Kc7 h8=Q Kb6 Qd4+ Kb5 f5 Ka5 Ke5 Kb5 Qd5+ Kb6 b4 axb3 Qxb3+ Kc5 Qd5+ Kb6 a4 Kc7 a5 Kb8 Qd4 Kb7 Qd5+ Kb8 Qd4 Kb7 Kd5 Kb8,1k6/8/8/P2K1PP1/3Q4/8/8/8 w - - 9 53,0,9.75472979999904,white,49,3599,73.44897959183673,547,1106,0.3073075854404001,4.899999999999999,4.489067300004535,0.0916136183674395,1.4081632653061225,2,1,30,28,21,11,38,0,10,4.489067300004535,3.5109326999954646,black,49,4557,93.0,385,2430,0.533245556287031,4.899999999999999,5.11240230005933,0.10433474081753734,1.510204081632653,3,1,49,49,0,19,29,1,5,5.11240230005933,2.8875976999406703
20260805_010412,sa100ms_caro_kann_defence_v2_black,caro_kann_defence,semi_open_game,e4 c6 d4 d5 Nc3 dxe4,rnbqkbnr/pp2pppp/2p5/8/3Pp3/2N5/PPP2PPP/R1BQKBNR w KQkq - 0 4,0.1,8.0,True,1-0,checkmate,0.0,123,129,c3e4 d8d4 d1d4 g8f6 e4f6 g7f6 d4f6 e7f6 g1f3 f8b4 c1d2 b4d2 e1d2 b8d7 a1e1 d7e5 e1e5 f6e5 f3e5 c8e6 e5c6 b7c6 f1c4 e6c4 h1e1 e8d7 e1e7 d7e7 f2f4 c4a2 c2c4 a2c4 d2e3 a8d8 e3e4 d8d4 e4d4 h8d8 d4c4 d8d4 c4d4 f7f5 d4e5 h7h5 e5f5 e7d6 f5e4 c6c5 h2h4 a7a5 g2g3 d6e6 b2b3 e6d6 f4f5 d6c6 e4e5 c6d7 e5d5 d7c7 d5c5 c7b7 c5d5 b7c7 f5f6 c7b7 f6f7 b7b6 f7f8q b6c7 f8f4 c7d7 f4e5 d7c8 e5h5 c8c7 h5e5 c7b7 g3g4 b7b6 d5e4 b6c6 e5a5 c6d6 a5d5 d6e7 b3b4 e7f6 d5e5 f6f7 e4d4 f7g8 d4d5 g8f7 d5e4 f7g8 e4d5 g8f7 b4b5 f7g8 h4h5 g8f7 d5e4 f7g8 e5d4 g8f7 d4e5 f7g8 e5d4 g8f8 g4g5 f8f7 e4d5 f7e7 d5e4 e7e6 g5g6 e6e7 g6g7 e7e6 g7g8q e6e7 d4d8,Nxe4 Qxd4 Qxd4 Nf6 Nxf6+ gxf6 Qxf6 exf6 Nf3 Bb4+ Bd2 Bxd2+ Kxd2 Nd7 Re1+ Ne5 Rxe5+ fxe5 Nxe5 Be6 Nxc6 bxc6 Bc4 Bxc4 Re1+ Kd7 Re7+ Kxe7 f4 Bxa2 c4 Bxc4 Ke3 Rad8 Ke4 Rd4+ Kxd4 Rd8+ Kxc4 Rd4+ Kxd4 f5 Ke5 h5 Kxf5 Kd6 Ke4 c5 h4 a5 g3 Ke6 b3 Kd6 f5 Kc6 Ke5 Kd7 Kd5 Kc7 Kxc5 Kb7 Kd5 Kc7 f6 Kb7 f7 Kb6 f8=Q Kc7 Qf4+ Kd7 Qe5 Kc8 Qxh5 Kc7 Qe5+ Kb7 g4 Kb6 Ke4 Kc6 Qxa5 Kd6 Qd5+ Ke7 b4 Kf6 Qe5+ Kf7 Kd4 Kg8 Kd5 Kf7 Ke4 Kg8 Kd5 Kf7 b5 Kg8 h5 Kf7 Ke4 Kg8 Qd4 Kf7 Qe5 Kg8 Qd4 Kf8 g5 Kf7 Kd5 Ke7 Ke4 Ke6 g6 Ke7 g7 Ke6 g8=Q+ Ke7 Qdd8#,e4 c6 d4 d5 Nc3 dxe4 Nxe4 Qxd4 Qxd4 Nf6 Nxf6+ gxf6 Qxf6 exf6 Nf3 Bb4+ Bd2 Bxd2+ Kxd2 Nd7 Re1+ Ne5 Rxe5+ fxe5 Nxe5 Be6 Nxc6 bxc6 Bc4 Bxc4 Re1+ Kd7 Re7+ Kxe7 f4 Bxa2 c4 Bxc4 Ke3 Rad8 Ke4 Rd4+ Kxd4 Rd8+ Kxc4 Rd4+ Kxd4 f5 Ke5 h5 Kxf5 Kd6 Ke4 c5 h4 a5 g3 Ke6 b3 Kd6 f5 Kc6 Ke5 Kd7 Kd5 Kc7 Kxc5 Kb7 Kd5 Kc7 f6 Kb7 f7 Kb6 f8=Q Kc7 Qf4+ Kd7 Qe5 Kc8 Qxh5 Kc7 Qe5+ Kb7 g4 Kb6 Ke4 Kc6 Qxa5 Kd6 Qd5+ Ke7 b4 Kf6 Qe5+ Kf7 Kd4 Kg8 Kd5 Kf7 Ke4 Kg8 Kd5 Kf7 b5 Kg8 h5 Kf7 Ke4 Kg8 Qd4 Kf7 Qe5 Kg8 Qd4 Kf8 g5 Kf7 Kd5 Ke7 Ke4 Ke6 g6 Ke7 g7 Ke6 g8=Q+ Ke7 Qdd8#,3Q2Q1/4k3/8/1P5P/4K3/8/8/8 b - - 2 65,100000,11.4657828000054,black,61,4421,72.47540983606558,180,1507,0.3408731056322099,6.099999999999994,4.869892400034587,0.07983430163991126,1.5573770491803278,2,1,26,26,35,23,36,2,9,4.869892400034587,3.130107599965413,white,62,5712,92.12903225806451,801,3004,0.5259103641456583,6.199999999999994,6.447199999995064,0.10398709677411394,1.4193548387096775,2,0,62,62,0,16,46,0,11,6.447199999995064,1.552800000004936
20260805_010412,sa100ms_queens_gambit_declined_v2_white,queens_gambit_declined,closed_game,d4 d5 c4 e6 Nc3 Nf6,rnbqkb1r/ppp2ppp/4pn2/3p4/2PP4/2N5/PP2PPPP/R1BQKBNR w KQkq - 2 4,0.1,8.0,True,1/2-1/2,threefold_repetition,0.5,90,96,c3d5 d8d5 c4d5 e6d5 d1a4 e8d8 a4a7 a8a7 g1f3 a7a2 a1a2 f8b4 e1d1 b8c6 e2e4 f6e4 c1g5 e4g5 f3g5 c6d4 g5f7 d8e7 f7h8 c8g4 d1c1 b4d2 c1d2 d4f3 g2f3 g4f3 h8g6 h7g6 f1d3 f3h1 d3g6 h1e4 g6e4 d5e4 a2a5 c7c5 a5c5 e4e3 f2e3 e7e6 e3e4 g7g5 c5g5 b7b5 g5b5 e6d6 b5d5 d6e6 d2e3 e6f6 e3d4 f6e6 h2h4 e6f6 b2b4 f6e6 h4h5 e6f6 d5e5 f6g7 e5f5 g7g8 f5d5 g8g7 d4e5 g7f7 d5d4 f7g7 d4d5 g7f7 h5h6 f7e7 h6h7 e7f8 h7h8q f8f7 h8f6 f7g8 e5d4 g8h7 f6e5 h7g8 e5f6 g8h7 f6e5 h7g8,Nxd5 Qxd5 cxd5 exd5 Qa4+ Kd8 Qxa7 Rxa7 Nf3 Rxa2 Rxa2 Bb4+ Kd1 Nc6 e4 Nxe4 Bg5+ Nxg5 Nxg5 Nxd4 Nxf7+ Ke7 Nxh8 Bg4+ Kc1 Bd2+ Kxd2 Nf3+ gxf3 Bxf3 Ng6+ hxg6 Bd3 Bxh1 Bxg6 Be4 Bxe4 dxe4 Ra5 c5 Rxc5 e3+ fxe3 Ke6 e4 g5 Rxg5 b5 Rxb5 Kd6 Rd5+ Ke6 Ke3 Kf6 Kd4 Ke6 h4 Kf6 b4 Ke6 h5 Kf6 Re5 Kg7 Rf5 Kg8 Rd5 Kg7 Ke5 Kf7 Rd4 Kg7 Rd5 Kf7 h6 Ke7 h7 Kf8 h8=Q+ Kf7 Qf6+ Kg8 Kd4 Kh7 Qe5 Kg8 Qf6 Kh7 Qe5 Kg8,d4 d5 c4 e6 Nc3 Nf6 Nxd5 Qxd5 cxd5 exd5 Qa4+ Kd8 Qxa7 Rxa7 Nf3 Rxa2 Rxa2 Bb4+ Kd1 Nc6 e4 Nxe4 Bg5+ Nxg5 Nxg5 Nxd4 Nxf7+ Ke7 Nxh8 Bg4+ Kc1 Bd2+ Kxd2 Nf3+ gxf3 Bxf3 Ng6+ hxg6 Bd3 Bxh1 Bxg6 Be4 Bxe4 dxe4 Ra5 c5 Rxc5 e3+ fxe3 Ke6 e4 g5 Rxg5 b5 Rxb5 Kd6 Rd5+ Ke6 Ke3 Kf6 Kd4 Ke6 h4 Kf6 b4 Ke6 h5 Kf6 Re5 Kg7 Rf5 Kg8 Rd5 Kg7 Ke5 Kf7 Rd4 Kg7 Rd5 Kf7 h6 Ke7 h7 Kf8 h8=Q+ Kf7 Qf6+ Kg8 Kd4 Kh7 Qe5 Kg8 Qf6 Kh7 Qe5 Kg8,6k1/8/8/3RQ3/1P1KP3/8/8/8 w - - 11 49,0,8.617504900001222,white,45,3163,70.28888888888889,513,1003,0.3171040151754663,4.5,3.977325999934692,0.08838502222077094,1.488888888888889,2,0,23,23,22,18,27,0,6,3.977325999934692,4.022674000065308,black,45,3894,86.53333333333333,377,1868,0.47971237801746275,4.5,4.535420800049906,0.1007871288899979,1.5555555555555556,3,0,45,45,0,19,25,1,3,4.535420800049906,3.4645791999500943
20260805_010412,sa100ms_queens_gambit_declined_v2_black,queens_gambit_declined,closed_game,d4 d5 c4 e6 Nc3 Nf6,rnbqkb1r/ppp2ppp/4pn2/3p4/2PP4/2N5/PP2PPPP/R1BQKBNR w KQkq - 2 4,0.1,8.0,True,1/2-1/2,threefold_repetition,0.5,102,108,c3d5 d8d5 c4d5 e6d5 d1a4 e8d8 a4a7 a8a7 g1f3 a7a2 a1a2 f8b4 e1d1 b8c6 e2e4 f6e4 c1g5 e4g5 f3g5 c6d4 g5f7 d8e7 f7h8 c8g4 d1c1 b4d2 c1d2 d4f3 g2f3 g4f3 h8g6 h7g6 f1d3 f3h1 d3g6 h1e4 g6e4 d5e4 a2a5 c7c5 a5c5 e4e3 f2e3 e7e6 e3e4 g7g5 c5g5 b7b5 g5g8 e6e5 g8e8 e5d4 b2b4 d4c4 e8e5 c4b4 d2d3 b4b3 e5b5 b3a4 b5d5 a4b3 d3d4 b3c2 h2h4 c2b3 d5e5 b3c2 e5d5 c2b3 h4h5 b3b2 d5e5 b2b3 e5d5 b3b2 h5h6 b2b3 h6h7 b3c2 h7h8q c2b3 h8e5 b3c2 d4c4 c2b1 d5d3 b1c2 c4d5 c2d3 e5d4 d3e2 d5e5 e2f3 e5f5 f3g3 f5e5 g3f3 e5f5 f3g3 f5e6 g3f3,Nxd5 Qxd5 cxd5 exd5 Qa4+ Kd8 Qxa7 Rxa7 Nf3 Rxa2 Rxa2 Bb4+ Kd1 Nc6 e4 Nxe4 Bg5+ Nxg5 Nxg5 Nxd4 Nxf7+ Ke7 Nxh8 Bg4+ Kc1 Bd2+ Kxd2 Nf3+ gxf3 Bxf3 Ng6+ hxg6 Bd3 Bxh1 Bxg6 Be4 Bxe4 dxe4 Ra5 c5 Rxc5 e3+ fxe3 Ke6 e4 g5 Rxg5 b5 Rg8 Ke5 Re8+ Kd4 b4 Kc4 Re5 Kxb4 Kd3 Kb3 Rxb5+ Ka4 Rd5 Kb3 Kd4 Kc2 h4 Kb3 Re5 Kc2 Rd5 Kb3 h5 Kb2 Re5 Kb3 Rd5 Kb2 h6 Kb3 h7 Kc2 h8=Q Kb3 Qe5 Kc2 Kc4 Kb1 Rd3 Kc2 Kd5 Kxd3 Qd4+ Ke2 Ke5 Kf3 Kf5 Kg3 Ke5 Kf3 Kf5 Kg3 Ke6 Kf3,d4 d5 c4 e6 Nc3 Nf6 Nxd5 Qxd5 cxd5 exd5 Qa4+ Kd8 Qxa7 Rxa7 Nf3 Rxa2 Rxa2 Bb4+ Kd1 Nc6 e4 Nxe4 Bg5+ Nxg5 Nxg5 Nxd4 Nxf7+ Ke7 Nxh8 Bg4+ Kc1 Bd2+ Kxd2 Nf3+ gxf3 Bxf3 Ng6+ hxg6 Bd3 Bxh1 Bxg6 Be4 Bxe4 dxe4 Ra5 c5 Rxc5 e3+ fxe3 Ke6 e4 g5 Rxg5 b5 Rg8 Ke5 Re8+ Kd4 b4 Kc4 Re5 Kxb4 Kd3 Kb3 Rxb5+ Ka4 Rd5 Kb3 Kd4 Kc2 h4 Kb3 Re5 Kc2 Rd5 Kb3 h5 Kb2 Re5 Kb3 Rd5 Kb2 h6 Kb3 h7 Kc2 h8=Q Kb3 Qe5 Kc2 Kc4 Kb1 Rd3 Kc2 Kd5 Kxd3 Qd4+ Ke2 Ke5 Kf3 Kf5 Kg3 Ke5 Kf3 Kf5 Kg3 Ke6 Kf3,8/8/4K3/8/3QP3/5k2/8/8 w - - 12 55,0,9.597059899999294,black,51,3468,68.0,214,1557,0.44896193771626297,5.099999999999998,4.2233584000205155,0.08281094902001011,1.4705882352941178,2,0,27,27,24,18,32,1,3,4.2233584000205155,3.7766415999794845,white,51,4480,87.84313725490196,607,2016,0.45,5.099999999999998,5.256943400003365,0.10307732156869344,1.5098039215686274,2,1,51,51,0,18,32,1,10,5.256943400003365,2.7430565999966348
20260805_010412,sa100ms_slav_defence_v2_white,slav_defence,closed_game,d4 d5 c4 c6 Nf3 Nf6,rnbqkb1r/pp2pppp/2p2n2/3p4/2PP4/5N2/PP2PPPP/RNBQKB1R w KQkq - 2 4,0.1,8.0,True,1/2-1/2,threefold_repetition,0.5,122,128,c4d5 d8d5 b1c3 d5f3 e2f3 e7e5 d4e5 f8d6 d1d6 b8d7 d6d7 f6d7 f1d3 d7e5 d3h7 h8h7 c1e3 e5f3 g2f3 h7h2 h1h2 c8f5 e3a7 a8a7 h2h8 e8e7 c3d5 c6d5 h8e8 e7e8 a1d1 a7a2 d1d5 a2a1 e1d2 a1d1 d2d1 f7f6 d5f5 b7b5 f5b5 e8d7 b5d5 d7e6 d1c2 e6d5 c2d3 g7g5 b2b4 f6f5 b4b5 f5f4 d3c3 d5e5 c3c4 e5e6 c4d4 e6d6 d4e4 d6e6 e4d4 e6d6 b5b6 d6e6 b6b7 e6d6 b7b8q d6e6 b8e5 e6f7 e5f4 g5f4 d4e5 f7e7 e5f4 e7e6 f4e4 e6d6 f3f4 d6e6 f2f3 e6d6 e4d4 d6e6 d4e4 e6d6 f4f5 d6c5 e4e5 c5c4 f3f4 c4c5 e5e4 c5c4 e4e5 c4c5 f5f6 c5c4 e5e4 c4c5 e4e5 c5c4 f6f7 c4c5 f7f8q c5c4 f8d6 c4c3 d6d4 c3c2 e5e4 c2b3 f4f5 b3c2 e4d5 c2b3 d5e5 b3c2 e5d5 c2b3 d5e5 b3c2,cxd5 Qxd5 Nc3 Qxf3 exf3 e5 dxe5 Bd6 Qxd6 Nbd7 Qxd7+ Nxd7 Bd3 Nxe5 Bxh7 Rxh7 Be3 Nxf3+ gxf3 Rxh2 Rxh2 Bf5 Bxa7 Rxa7 Rh8+ Ke7 Nd5+ cxd5 Re8+ Kxe8 Rd1 Rxa2 Rxd5 Ra1+ Kd2 Rd1+ Kxd1 f6 Rxf5 b5 Rxb5 Kd7 Rd5+ Ke6 Kc2 Kxd5 Kd3 g5 b4 f5 b5 f4 Kc3 Ke5 Kc4 Ke6 Kd4 Kd6 Ke4 Ke6 Kd4 Kd6 b6 Ke6 b7 Kd6 b8=Q+ Ke6 Qe5+ Kf7 Qxf4+ gxf4 Ke5 Ke7 Kxf4 Ke6 Ke4 Kd6 f4 Ke6 f3 Kd6 Kd4 Ke6 Ke4 Kd6 f5 Kc5 Ke5 Kc4 f4 Kc5 Ke4 Kc4 Ke5 Kc5 f6 Kc4 Ke4 Kc5 Ke5 Kc4 f7 Kc5 f8=Q+ Kc4 Qd6 Kc3 Qd4+ Kc2 Ke4 Kb3 f5 Kc2 Kd5 Kb3 Ke5 Kc2 Kd5 Kb3 Ke5 Kc2,d4 d5 c4 c6 Nf3 Nf6 cxd5 Qxd5 Nc3 Qxf3 exf3 e5 dxe5 Bd6 Qxd6 Nbd7 Qxd7+ Nxd7 Bd3 Nxe5 Bxh7 Rxh7 Be3 Nxf3+ gxf3 Rxh2 Rxh2 Bf5 Bxa7 Rxa7 Rh8+ Ke7 Nd5+ cxd5 Re8+ Kxe8 Rd1 Rxa2 Rxd5 Ra1+ Kd2 Rd1+ Kxd1 f6 Rxf5 b5 Rxb5 Kd7 Rd5+ Ke6 Kc2 Kxd5 Kd3 g5 b4 f5 b5 f4 Kc3 Ke5 Kc4 Ke6 Kd4 Kd6 Ke4 Ke6 Kd4 Kd6 b6 Ke6 b7 Kd6 b8=Q+ Ke6 Qe5+ Kf7 Qxf4+ gxf4 Ke5 Ke7 Kxf4 Ke6 Ke4 Kd6 f4 Ke6 f3 Kd6 Kd4 Ke6 Ke4 Kd6 f5 Kc5 Ke5 Kc4 f4 Kc5 Ke4 Kc4 Ke5 Kc5 f6 Kc4 Ke4 Kc5 Ke5 Kc4 f7 Kc5 f8=Q+ Kc4 Qd6 Kc3 Qd4+ Kc2 Ke4 Kb3 f5 Kc2 Kd5 Kb3 Ke5 Kc2 Kd5 Kb3 Ke5 Kc2,8/8/8/4KP2/3Q4/8/2k5/8 w - - 9 65,0,10.967817800003104,white,61,4144,67.93442622950819,547,1474,0.3556949806949807,6.099999999999994,4.413123099991935,0.07234628032773664,1.7049180327868851,3,0,22,28,33,34,27,0,11,4.413123099991935,3.5868769000080647,black,61,6203,101.68852459016394,645,3153,0.508302434305981,6.099999999999994,6.327008799940813,0.10372145573673465,1.8524590163934427,3,0,61,61,0,32,27,2,9,6.327008799940813,1.6729912000591867
20260805_010412,sa100ms_slav_defence_v2_black,slav_defence,closed_game,d4 d5 c4 c6 Nf3 Nf6,rnbqkb1r/pp2pppp/2p2n2/3p4/2PP4/5N2/PP2PPPP/RNBQKB1R w KQkq - 2 4,0.1,8.0,True,1-0,checkmate,0.0,83,89,c4d5 d8d5 b1c3 d5f3 e2f3 e7e5 d4e5 f8d6 d1d6 b8d7 d6d7 f6d7 f1d3 d7e5 d3h7 h8h7 c1e3 e5f3 g2f3 h7h2 h1h2 c8f5 e3a7 a8a7 h2h8 e8e7 c3d5 c6d5 h8e8 e7e8 a1d1 a7a2 d1d5 a2a1 e1d2 a1d1 d2d1 f7f6 d5f5 b7b5 f5b5 e8d7 b5d5 d7e6 d5d4 e6e5 d4e4 e5d5 d1d2 f6f5 d2d3 f5e4 f3e4 d5e5 f2f3 g7g5 b2b4 e5d6 d3d4 d6e6 b4b5 e6d6 e4e5 d6e6 d4e4 e6f7 e4d5 f7g7 d5d4 g7f7 d4d5 f7g7 b5b6 g7f7 b6b7 f7g6 b7b8q g6f5 b8b4 f5g6 b4d4 g6f5 d4e4,cxd5 Qxd5 Nc3 Qxf3 exf3 e5 dxe5 Bd6 Qxd6 Nbd7 Qxd7+ Nxd7 Bd3 Nxe5 Bxh7 Rxh7 Be3 Nxf3+ gxf3 Rxh2 Rxh2 Bf5 Bxa7 Rxa7 Rh8+ Ke7 Nd5+ cxd5 Re8+ Kxe8 Rd1 Rxa2 Rxd5 Ra1+ Kd2 Rd1+ Kxd1 f6 Rxf5 b5 Rxb5 Kd7 Rd5+ Ke6 Rd4 Ke5 Re4+ Kd5 Kd2 f5 Kd3 fxe4+ fxe4+ Ke5 f3 g5 b4 Kd6 Kd4 Ke6 b5 Kd6 e5+ Ke6 Ke4 Kf7 Kd5 Kg7 Kd4 Kf7 Kd5 Kg7 b6 Kf7 b7 Kg6 b8=Q Kf5 Qb4 Kg6 Qd4 Kf5 Qe4#,d4 d5 c4 c6 Nf3 Nf6 cxd5 Qxd5 Nc3 Qxf3 exf3 e5 dxe5 Bd6 Qxd6 Nbd7 Qxd7+ Nxd7 Bd3 Nxe5 Bxh7 Rxh7 Be3 Nxf3+ gxf3 Rxh2 Rxh2 Bf5 Bxa7 Rxa7 Rh8+ Ke7 Nd5+ cxd5 Re8+ Kxe8 Rd1 Rxa2 Rxd5 Ra1+ Kd2 Rd1+ Kxd1 f6 Rxf5 b5 Rxb5 Kd7 Rd5+ Ke6 Rd4 Ke5 Re4+ Kd5 Kd2 f5 Kd3 fxe4+ fxe4+ Ke5 f3 g5 b4 Kd6 Kd4 Ke6 b5 Kd6 e5+ Ke6 Ke4 Kf7 Kd5 Kg7 Kd4 Kf7 Kd5 Kg7 b6 Kf7 b7 Kg6 b8=Q Kf5 Qb4 Kg6 Qd4 Kf5 Qe4#,8/8/8/3KPkp1/4Q3/5P2/8/8 b - - 6 45,100000,7.548965900001349,black,41,2764,67.41463414634147,150,1035,0.3744573082489146,4.200000000000001,3.22471410005528,0.07865156341598244,1.5609756097560976,2,0,19,20,21,15,23,3,9,3.22471410005528,4.77528589994472,white,42,3978,94.71428571428571,430,1878,0.4720965309200603,4.200000000000001,4.230613299951074,0.10072888809407318,1.619047619047619,3,0,42,42,0,12,30,0,13,4.230613299951074,3.7693867000489263
20260805_010412,sa100ms_kings_indian_defence_v2_white,kings_indian_defence,indian_game,d4 Nf6 c4 g6 Nc3 Bg7,rnbqk2r/ppppppbp/5np1/8/2PP4/2N5/PP2PPPP/R1BQKBNR w KQkq - 2 4,0.1,8.0,True,1/2-1/2,threefold_repetition,0.5,123,129,g1f3 b8c6 c1f4 c6d4 d1d4 d7d5 d4f6 g7f6 c3d5 d8d5 c4d5 f6b2 f4c7 b2a1 e2e4 a1c3 e1d1 c8g4 f1b5 e8f8 c7e5 c3e5 d1d2 g4f3 g2f3 e5h2 h1h2 e7e5 d5e6 a8d8 d2c3 f7e6 h2h7 h8h7 b5d7 d8d7 f3f4 d7d5 e4d5 e6d5 c3d4 h7e7 d4d5 e7d7 d5e5 d7d5 e5d5 f8e7 f2f3 e7f6 a2a4 a7a5 d5d4 f6f5 d4e3 f5e6 e3d4 e6d6 d4e4 d6c5 e4e5 c5c4 e5e4 b7b6 e4e5 c4d3 e5d5 d3e3 d5e5 e3f3 e5d5 f3f4 d5d4 g6g5 d4d5 f4f5 d5d4 f5e6 d4e4 g5g4 e4d4 e6d6 d4e4 d6e6 e4d4 e6f5 d4d5 f5f4 d5d4 f4f5 d4d5 g4g3 d5d4 g3g2 d4c4 g2g1q c4d3 g1c5 d3d2 c5d4 d2e2 d4a4 e2e3 a4e4 e3f2 f5e5 f2g3 b6b5 g3h2 e5d5 h2g3 d5d4 g3h2 d4e5 h2g3 e5d5 g3h2 d5e5 h2g3 e5d5 g3f2 d5d4 f2g3,Nf3 Nc6 Bf4 Nxd4 Qxd4 d5 Qxf6 Bxf6 Nxd5 Qxd5 cxd5 Bxb2 Bxc7 Bxa1 e4 Bc3+ Kd1 Bg4 Bb5+ Kf8 Be5 Bxe5 Kd2 Bxf3 gxf3 Bxh2 Rxh2 e5 dxe6 Rd8+ Kc3 fxe6 Rxh7 Rxh7 Bd7 Rdxd7 f4 Rd5 exd5 exd5 Kd4 Re7 Kxd5 Rd7+ Ke5 Rd5+ Kxd5 Ke7 f3 Kf6 a4 a5 Kd4 Kf5 Ke3 Ke6 Kd4 Kd6 Ke4 Kc5 Ke5 Kc4 Ke4 b6 Ke5 Kd3 Kd5 Ke3 Ke5 Kxf3 Kd5 Kxf4 Kd4 g5 Kd5 Kf5 Kd4 Ke6 Ke4 g4 Kd4 Kd6 Ke4 Ke6 Kd4 Kf5 Kd5 Kf4 Kd4 Kf5 Kd5 g3 Kd4 g2 Kc4 g1=Q Kd3 Qc5 Kd2 Qd4+ Ke2 Qxa4 Ke3 Qe4+ Kf2 Ke5 Kg3 b5 Kh2 Kd5 Kg3 Kd4 Kh2 Ke5 Kg3 Kd5 Kh2 Ke5 Kg3 Kd5 Kf2 Kd4 Kg3,d4 Nf6 c4 g6 Nc3 Bg7 Nf3 Nc6 Bf4 Nxd4 Qxd4 d5 Qxf6 Bxf6 Nxd5 Qxd5 cxd5 Bxb2 Bxc7 Bxa1 e4 Bc3+ Kd1 Bg4 Bb5+ Kf8 Be5 Bxe5 Kd2 Bxf3 gxf3 Bxh2 Rxh2 e5 dxe6 Rd8+ Kc3 fxe6 Rxh7 Rxh7 Bd7 Rdxd7 f4 Rd5 exd5 exd5 Kd4 Re7 Kxd5 Rd7+ Ke5 Rd5+ Kxd5 Ke7 f3 Kf6 a4 a5 Kd4 Kf5 Ke3 Ke6 Kd4 Kd6 Ke4 Kc5 Ke5 Kc4 Ke4 b6 Ke5 Kd3 Kd5 Ke3 Ke5 Kxf3 Kd5 Kxf4 Kd4 g5 Kd5 Kf5 Kd4 Ke6 Ke4 g4 Kd4 Kd6 Ke4 Ke6 Kd4 Kf5 Kd5 Kf4 Kd4 Kf5 Kd5 g3 Kd4 g2 Kc4 g1=Q Kd3 Qc5 Kd2 Qd4+ Ke2 Qxa4 Ke3 Qe4+ Kf2 Ke5 Kg3 b5 Kh2 Kd5 Kg3 Kd4 Kh2 Ke5 Kg3 Kd5 Kh2 Ke5 Kg3 Kd5 Kf2 Kd4 Kg3,8/8/8/pp6/3kq3/6K1/8/8 b - - 15 65,0,10.990666499987128,white,62,4001,64.53225806451613,280,1228,0.30692326918270435,6.199999999999994,4.494764999981271,0.07249620967711727,1.6935483870967742,3,1,20,27,35,33,27,2,8,4.494764999981271,3.505235000018729,black,61,5714,93.67213114754098,760,3028,0.5299264963248163,6.099999999999994,6.3231341999344295,0.1036579377038431,1.540983606557377,3,1,61,61,0,14,46,1,19,6.3231341999344295,1.6768658000655705
20260805_010412,sa100ms_kings_indian_defence_v2_black,kings_indian_defence,indian_game,d4 Nf6 c4 g6 Nc3 Bg7,rnbqk2r/ppppppbp/5np1/8/2PP4/2N5/PP2PPPP/R1BQKBNR w KQkq - 2 4,0.1,8.0,True,1/2-1/2,threefold_repetition,0.5,136,142,g1f3 b8c6 c1f4 c6d4 d1d4 d7d5 d4f6 g7f6 c3d5 d8d5 c4d5 f6b2 f4c7 b2a1 e2e4 a1c3 e1d1 c8g4 f1b5 e8f8 c7e5 c3e5 d1d2 g4f3 g2f3 e5h2 h1h2 e7e5 d5e6 a8d8 d2c3 f7e6 h2h7 h8h7 b5d7 d8d7 f3f4 d7d5 e4d5 e6d5 c3d4 h7e7 d4d5 e7d7 d5e5 d7d5 e5d5 f8e7 f2f3 e7f6 a2a4 a7a5 d5d4 f6f5 d4e3 f5e6 e3d4 e6d6 d4e4 d6c5 e4e5 c5c4 e5f6 c4d5 f6g6 b7b6 g6f6 d5d4 f6e6 d4d3 e6d5 d3e3 d5c6 e3f3 f4f5 f3e4 c6b6 e4f5 b6a5 f5e5 a5b6 e5d5 b6c7 d5e5 c7c6 e5e4 c6d6 e4d4 d6e6 d4e4 e6d6 e4d4 a4a5 d4e4 d6e6 e4d4 e6d6 d4e4 d6c5 e4e5 c5c4 e5e4 c4c5 e4e5 a5a6 e5e4 a6a7 e4e5 a7a8q e5e6 a8e4 e6f6 c5d4 f6g7 e4d5 g7f6 d5e5 f6f7 d4e4 f7g8 e5d4 g8h7 e4f5 h7g8 f5e4 g8f7 d4d5 f7f6 e4d4 f6g7 d5e4 g7f6 e4e5 f6f7 d4e4 f7g8,Nf3 Nc6 Bf4 Nxd4 Qxd4 d5 Qxf6 Bxf6 Nxd5 Qxd5 cxd5 Bxb2 Bxc7 Bxa1 e4 Bc3+ Kd1 Bg4 Bb5+ Kf8 Be5 Bxe5 Kd2 Bxf3 gxf3 Bxh2 Rxh2 e5 dxe6 Rd8+ Kc3 fxe6 Rxh7 Rxh7 Bd7 Rdxd7 f4 Rd5 exd5 exd5 Kd4 Re7 Kxd5 Rd7+ Ke5 Rd5+ Kxd5 Ke7 f3 Kf6 a4 a5 Kd4 Kf5 Ke3 Ke6 Kd4 Kd6 Ke4 Kc5 Ke5 Kc4 Kf6 Kd5 Kxg6 b6 Kf6 Kd4 Ke6 Kd3 Kd5 Ke3 Kc6 Kxf3 f5 Ke4 Kxb6 Kxf5 Kxa5 Ke5 Kb6 Kd5 Kc7 Ke5 Kc6 Ke4 Kd6 Kd4 Ke6 Ke4 Kd6 Kd4 a5 Ke4 Ke6 Kd4 Kd6 Ke4 Kc5 Ke5 Kc4 Ke4 Kc5 Ke5 a6 Ke4 a7 Ke5 a8=Q Ke6 Qe4+ Kf6 Kd4 Kg7 Qd5 Kf6 Qe5+ Kf7 Ke4 Kg8 Qd4 Kh7 Kf5 Kg8 Ke4 Kf7 Qd5+ Kf6 Kd4 Kg7 Qe4 Kf6 Qe5+ Kf7 Ke4 Kg8,d4 Nf6 c4 g6 Nc3 Bg7 Nf3 Nc6 Bf4 Nxd4 Qxd4 d5 Qxf6 Bxf6 Nxd5 Qxd5 cxd5 Bxb2 Bxc7 Bxa1 e4 Bc3+ Kd1 Bg4 Bb5+ Kf8 Be5 Bxe5 Kd2 Bxf3 gxf3 Bxh2 Rxh2 e5 dxe6 Rd8+ Kc3 fxe6 Rxh7 Rxh7 Bd7 Rdxd7 f4 Rd5 exd5 exd5 Kd4 Re7 Kxd5 Rd7+ Ke5 Rd5+ Kxd5 Ke7 f3 Kf6 a4 a5 Kd4 Kf5 Ke3 Ke6 Kd4 Kd6 Ke4 Kc5 Ke5 Kc4 Kf6 Kd5 Kxg6 b6 Kf6 Kd4 Ke6 Kd3 Kd5 Ke3 Kc6 Kxf3 f5 Ke4 Kxb6 Kxf5 Kxa5 Ke5 Kb6 Kd5 Kc7 Ke5 Kc6 Ke4 Kd6 Kd4 Ke6 Ke4 Kd6 Kd4 a5 Ke4 Ke6 Kd4 Kd6 Ke4 Kc5 Ke5 Kc4 Ke4 Kc5 Ke5 a6 Ke4 a7 Ke5 a8=Q Ke6 Qe4+ Kf6 Kd4 Kg7 Qd5 Kf6 Qe5+ Kf7 Ke4 Kg8 Qd4 Kh7 Kf5 Kg8 Ke4 Kf7 Qd5+ Kf6 Kd4 Kg7 Qe4 Kf6 Qe5+ Kf7 Ke4 Kg8,6k1/8/8/4Q3/4K3/8/8/8 w - - 27 72,0,12.170514199999161,black,68,4419,64.98529411764706,406,1526,0.34532699705815795,6.8999999999999915,5.0577073999884306,0.07437804999982986,1.6470588235294117,3,1,27,29,39,26,40,2,14,5.0577073999884306,2.9422926000115694,white,68,6832,100.47058823529412,816,3749,0.5487412177985949,6.799999999999992,6.958277400000952,0.10232760882354341,1.6470588235294117,3,1,68,68,0,32,36,0,8,6.958277400000952,1.0417225999990478
20260805_010412,sa100ms_english_opening_v2_white,english_opening,flank_opening,c4 e5 Nc3 Nf6 g3 d5,rnbqkb1r/ppp2ppp/5n2/3pp3/2P5/2N3P1/PP1PPP1P/R1BQKBNR w KQkq - 0 4,0.1,8.0,True,0-1,checkmate,0.0,122,128,c3d5 d8d5 c4d5 f6d5 g1f3 e5e4 d1a4 b8c6 a4e4 f8e7 e4d5 c6b4 d5b5 c7c6 b5e5 b4c2 e1d1 c2a1 e5e7 e8e7 e2e4 c8e6 d2d4 e6a2 c1g5 f7f6 g5f6 g7f6 f1c4 a2c4 f3e5 f6e5 d4e5 a8d8 d1c1 a1b3 c1c2 b3d4 c2c3 d8d5 e4d5 c4d5 h1e1 c6c5 f2f4 h8d8 h2h4 b7b5 c3d2 b5b4 e1e3 h7h5 d2e1 a7a5 e1d2 a5a4 d2e1 d8d7 e1d2 e7f8 d2e1 f8g7 e1f2 d7e7 e5e6 g7f6 e3e5 d5c4 e5c5 c4e6 c5h5 e6c4 h5h6 f6g7 h6d6 e7e2 f2g1 e2e1 g1h2 e1e2 h2h3 d4f5 d6d7 g7f6 g3g4 e2e3 h3h2 f5h4 d7d6 f6e7 d6d4 h4f3 h2g2 f3d4 g2f2 e3e4 b2b3 e4f4 f2e3 f4g4 b3c4 e7e6 c4c5 e6e5 e3d3 g4e4 d3c4 d4e6 c4b5 b4b3 b5c6 e6d4 c6b7 e5d5 b7b6 b3b2 b6a5 b2b1q a5a4 d5c5 a4a5 b1b5,Nxd5 Qxd5 cxd5 Nxd5 Nf3 e4 Qa4+ Nc6 Qxe4+ Be7 Qxd5 Nb4 Qb5+ c6 Qe5 Nc2+ Kd1 Nxa1 Qxe7+ Kxe7 e4 Be6 d4 Bxa2 Bg5+ f6 Bxf6+ gxf6 Bc4 Bxc4 Ne5 fxe5 dxe5 Rad8+ Kc1 Nb3+ Kc2 Nd4+ Kc3 Rd5 exd5 Bxd5 Re1 c5 f4 Rd8 h4 b5 Kd2 b4 Re3 h5 Ke1 a5 Kd2 a4 Ke1 Rd7 Kd2 Kf8 Ke1 Kg7 Kf2 Re7 e6 Kf6 Re5 Bc4 Rxc5 Bxe6 Rxh5 Bc4 Rh6+ Kg7 Rd6 Re2+ Kg1 Re1+ Kh2 Re2+ Kh3 Nf5 Rd7+ Kf6 g4 Re3+ Kh2 Nxh4 Rd6+ Ke7 Rd4 Nf3+ Kg2 Nxd4 Kf2 Re4 b3 Rxf4+ Ke3 Rxg4 bxc4 Ke6 c5 Ke5 Kd3 Re4 Kc4 Ne6+ Kb5 b3 Kc6 Nd4+ Kb7 Kd5 Kb6 b2 Ka5 b1=Q Kxa4 Kxc5 Ka5 Qb5#,c4 e5 Nc3 Nf6 g3 d5 Nxd5 Qxd5 cxd5 Nxd5 Nf3 e4 Qa4+ Nc6 Qxe4+ Be7 Qxd5 Nb4 Qb5+ c6 Qe5 Nc2+ Kd1 Nxa1 Qxe7+ Kxe7 e4 Be6 d4 Bxa2 Bg5+ f6 Bxf6+ gxf6 Bc4 Bxc4 Ne5 fxe5 dxe5 Rad8+ Kc1 Nb3+ Kc2 Nd4+ Kc3 Rd5 exd5 Bxd5 Re1 c5 f4 Rd8 h4 b5 Kd2 b4 Re3 h5 Ke1 a5 Kd2 a4 Ke1 Rd7 Kd2 Kf8 Ke1 Kg7 Kf2 Re7 e6 Kf6 Re5 Bc4 Rxc5 Bxe6 Rxh5 Bc4 Rh6+ Kg7 Rd6 Re2+ Kg1 Re1+ Kh2 Re2+ Kh3 Nf5 Rd7+ Kf6 g4 Re3+ Kh2 Nxh4 Rd6+ Ke7 Rd4 Nf3+ Kg2 Nxd4 Kf2 Re4 b3 Rxf4+ Ke3 Rxg4 bxc4 Ke6 c5 Ke5 Kd3 Re4 Kc4 Ne6+ Kb5 b3 Kc6 Nd4+ Kb7 Kd5 Kb6 b2 Ka5 b1=Q Kxa4 Kxc5 Ka5 Qb5#,8/8/8/Kqk5/3nr3/8/8/8 w - - 2 65,-100000,9.813114699994912,white,61,12564,205.9672131147541,1212,4334,0.3449538363578478,6.2999999999999945,3.6377409000560874,0.05963509672223094,2.0,4,0,17,21,40,16,37,8,28,3.6377409000560874,4.362259099943913,black,61,27135,444.8360655737705,2769,18214,0.6712364105398931,6.099999999999994,6.118895999956294,0.10030977049108679,1.9180327868852458,4,0,61,61,0,15,32,14,34,6.118895999956294,1.881104000043706
20260805_010412,sa100ms_english_opening_v2_black,english_opening,flank_opening,c4 e5 Nc3 Nf6 g3 d5,rnbqkb1r/ppp2ppp/5n2/3pp3/2P5/2N3P1/PP1PPP1P/R1BQKBNR w KQkq - 0 4,0.1,8.0,True,1/2-1/2,threefold_repetition,0.5,47,53,d1a4 b7b5 a4b5 c7c6 b5a4 d5c4 a4c4 b8d7 c4c6 c8b7 c6b7 f8c5 e2e3 c5e3 f2e3 f6d5 b7d5 a8c8 g1f3 c8c3 b2c3 e8g8 d5d7 d8d7 f3e5 d7d5 f1g2 d5e5 e1d1 f8d8 d1e1 d8d3 e1f1 e5f5 f1e2 h7h5 e2d1 f5g4 d1c2 g4c4 c2b1 c4b5 b1c2 b5c4 c2b1 c4b5 b1c2,Qa4+ b5 Qxb5+ c6 Qa4 dxc4 Qxc4 Nbd7 Qxc6 Bb7 Qxb7 Bc5 e3 Bxe3 fxe3 Nd5 Qxd5 Rc8 Nf3 Rxc3 bxc3 O-O Qxd7 Qxd7 Nxe5 Qd5 Bg2 Qxe5 Kd1 Rd8 Ke1 Rd3 Kf1 Qf5+ Ke2 h5 Kd1 Qg4+ Kc2 Qc4 Kb1 Qb5+ Kc2 Qc4 Kb1 Qb5+ Kc2,c4 e5 Nc3 Nf6 g3 d5 Qa4+ b5 Qxb5+ c6 Qa4 dxc4 Qxc4 Nbd7 Qxc6 Bb7 Qxb7 Bc5 e3 Bxe3 fxe3 Nd5 Qxd5 Rc8 Nf3 Rxc3 bxc3 O-O Qxd7 Qxd7 Nxe5 Qd5 Bg2 Qxe5 Kd1 Rd8 Ke1 Rd3 Kf1 Qf5+ Ke2 h5 Kd1 Qg4+ Kc2 Qc4 Kb1 Qb5+ Kc2 Qc4 Kb1 Qb5+ Kc2,6k1/p4pp1/8/1q5p/8/2PrP1P1/P1KP2BP/R1B4R b - - 11 27,0,4.307817099994281,black,23,8068,350.7826086956522,825,3112,0.38572136836886467,2.700000000000001,1.8926432000298519,0.0822888347839066,2.0434782608695654,3,0,4,4,19,5,3,15,16,1.8926432000298519,6.107356799970148,white,24,9597,399.875,1301,4341,0.45232885276648954,2.400000000000001,2.402951000010944,0.10012295833378933,2.125,3,0,24,24,0,4,7,13,17,2.402951000010944,5.597048999989056
20260805_010412,sa200ms_starting_position_v2_white,starting_position,starting_position,,rnbqkbnr/pppppppp/8/8/8/8/PPPPPPPP/RNBQKBNR w KQkq - 0 1,0.2,16.0,True,0-1,checkmate,0.0,52,52,g1f3 g8f6 b1c3 b8c6 e2e3 e7e6 f1d3 h7h5 h2h4 f8c5 b2b4 c6b4 d3c4 c7c6 e1e2 d8c7 c1b2 c7d6 d2d4 c5b6 e3e4 d6f4 f3e1 f4g4 f2f3 g4f4 e2f1 a7a5 g2g4 h5g4 e1g2 f4d6 f3g4 a5a4 g2e3 d6f4 f1e2 a8a5 e3g2 f4g4 e2e3 g4g2 h1e1 h8h4 a1c1 g2g5 e3f3 g5f4 f3g2 h4h2 g2g1 f4f2,Nf3 Nf6 Nc3 Nc6 e3 e6 Bd3 h5 h4 Bc5 b4 Nxb4 Bc4 c6 Ke2 Qc7 Bb2 Qd6 d4 Bb6 e4 Qf4 Ne1 Qg4+ f3 Qf4 Kf1 a5 g4 hxg4 Ng2 Qd6 fxg4 a4 Ne3 Qf4+ Ke2 Ra5 Ng2 Qxg4+ Ke3 Qxg2 Re1 Rxh4 Rc1 Qg5+ Kf3 Qf4+ Kg2 Rh2+ Kg1 Qf2#,Nf3 Nf6 Nc3 Nc6 e3 e6 Bd3 h5 h4 Bc5 b4 Nxb4 Bc4 c6 Ke2 Qc7 Bb2 Qd6 d4 Bb6 e4 Qf4 Ne1 Qg4+ f3 Qf4 Kf1 a5 g4 hxg4 Ng2 Qd6 fxg4 a4 Ne3 Qf4+ Ke2 Ra5 Ng2 Qxg4+ Ke3 Qxg2 Re1 Rxh4 Rc1 Qg5+ Kf3 Qf4+ Kg2 Rh2+ Kg1 Qf2#,2b1k3/1p1p1pp1/1bp1pn2/r7/pnBPP3/2N5/PBP2q1r/2RQR1K1 w - - 8 27,-100000,8.508784399993601,white,26,11010,423.46153846153845,1083,3802,0.345322434150772,5.8000000000000025,3.264930999997887,0.12557426923068796,2.0384615384615383,3,0,3,4,22,4,7,15,20,3.264930999997887,12.735069000002113,black,26,18594,715.1538461538462,2085,12177,0.6548886737657309,5.200000000000002,5.207197500028997,0.2002768269241922,2.0,2,0,26,26,0,4,6,16,22,5.207197500028997,10.792802499971003
20260805_010412,sa200ms_starting_position_v2_black,starting_position,starting_position,,rnbqkbnr/pppppppp/8/8/8/8/PPPPPPPP/RNBQKBNR w KQkq - 0 1,0.2,16.0,True,0-1,checkmate,1.0,136,136,g1f3 g8f6 b1c3 b8c6 e2e3 e7e6 f1d3 h7h5 h2h4 f8c5 b2b4 c6b4 d3c4 c7c6 e1e2 d8c7 c1b2 c7d6 d2d4 c5b6 e3e4 d6f4 f3e1 f4g4 f2f3 g4f4 e2f1 a7a5 g2g4 h5g4 e1g2 f4d6 f3g4 a5a4 g2e3 d6f4 f1e2 a8a5 e3g2 f4g4 e2f2 g4d1 a1d1 f6g4 f2f3 f7f5 e4f5 e6f5 h1e1 e8d8 g2f4 h8h4 d1d2 d7d6 d4d5 c6d5 c4e2 g4e5 f3g3 g7g5 f4g2 f5f4 g2f4 h4f4 e2h5 e5c4 e1e8 d8d7 e8c8 d7c8 d2e2 c4b2 e2e8 c8d7 h5g6 b6f2 g3g2 d5d4 c3e2 f4f6 g6h5 b4c2 e8e4 c2e3 g2h3 g5g4 h5g4 d7d8 e2d4 e3g4 h3g4 f2d4 e4d4 f6g6 g4f4 g6f6 f4g4 f6g6 g4f4 a5e5 d4d6 g6d6 f4e5 b2c4 e5e4 d8e7 e4f5 d6d4 f5g6 c4e5 g6f5 e7d6 f5f6 d6d5 f6f5 b7b5 a2a3 d4d3 f5f6 d3a3 f6g7 a3f3 g7h8 f3f4 h8g7 b5b4 g7h8 f4g4 h8h7 b4b3 h7h8 b3b2 h8h7 b2b1q h7h8 e5f7,Nf3 Nf6 Nc3 Nc6 e3 e6 Bd3 h5 h4 Bc5 b4 Nxb4 Bc4 c6 Ke2 Qc7 Bb2 Qd6 d4 Bb6 e4 Qf4 Ne1 Qg4+ f3 Qf4 Kf1 a5 g4 hxg4 Ng2 Qd6 fxg4 a4 Ne3 Qf4+ Ke2 Ra5 Ng2 Qxg4+ Kf2 Qxd1 Raxd1 Ng4+ Kf3 f5 exf5 exf5 Rhe1+ Kd8 Nf4 Rxh4 Rd2 d6 d5 cxd5 Be2 Ne5+ Kg3 g5 Ng2 f4+ Nxf4 Rxf4 Bh5 Nc4 Re8+ Kd7 Rxc8 Kxc8 Re2 Nxb2 Re8+ Kd7 Bg6 Bf2+ Kg2 d4 Ne2 Rf6 Bh5 Nxc2 Re4 Ne3+ Kh3 g4+ Bxg4+ Kd8 Nxd4 Nxg4 Kxg4 Bxd4 Rxd4 Rg6+ Kf4 Rf6+ Kg4 Rg6+ Kf4 Re5 Rxd6+ Rxd6 Kxe5 Nc4+ Ke4 Ke7 Kf5 Rd4 Kg6 Ne5+ Kf5 Kd6 Kf6 Kd5 Kf5 b5 a3 Rd3 Kf6 Rxa3 Kg7 Rf3 Kh8 Rf4 Kg7 b4 Kh8 Rg4 Kh7 b3 Kh8 b2 Kh7 b1=Q+ Kh8 Nf7#,Nf3 Nf6 Nc3 Nc6 e3 e6 Bd3 h5 h4 Bc5 b4 Nxb4 Bc4 c6 Ke2 Qc7 Bb2 Qd6 d4 Bb6 e4 Qf4 Ne1 Qg4+ f3 Qf4 Kf1 a5 g4 hxg4 Ng2 Qd6 fxg4 a4 Ne3 Qf4+ Ke2 Ra5 Ng2 Qxg4+ Kf2 Qxd1 Raxd1 Ng4+ Kf3 f5 exf5 exf5 Rhe1+ Kd8 Nf4 Rxh4 Rd2 d6 d5 cxd5 Be2 Ne5+ Kg3 g5 Ng2 f4+ Nxf4 Rxf4 Bh5 Nc4 Re8+ Kd7 Rxc8 Kxc8 Re2 Nxb2 Re8+ Kd7 Bg6 Bf2+ Kg2 d4 Ne2 Rf6 Bh5 Nxc2 Re4 Ne3+ Kh3 g4+ Bxg4+ Kd8 Nxd4 Nxg4 Kxg4 Bxd4 Rxd4 Rg6+ Kf4 Rf6+ Kg4 Rg6+ Kf4 Re5 Rxd6+ Rxd6 Kxe5 Nc4+ Ke4 Ke7 Kf5 Rd4 Kg6 Ne5+ Kf5 Kd6 Kf6 Kd5 Kf5 b5 a3 Rd3 Kf6 Rxa3 Kg7 Rf3 Kh8 Rf4 Kg7 b4 Kh8 Rg4 Kh7 b3 Kh8 b2 Kh7 b1=Q+ Kh8 Nf7#,7K/5n2/8/3k4/p5r1/8/8/1q6 w - - 2 69,-100000,24.995546499994816,black,68,52820,776.7647058823529,4255,26944,0.510109806891329,15.999999999999984,11.354568399954587,0.1669789470581557,2.264705882352941,3,0,21,29,39,15,29,24,47,11.354568399954587,4.645431600045413,white,68,64360,946.4705882352941,7537,37436,0.5816656308266004,13.599999999999984,13.608931900016614,0.20013135147083255,2.6176470588235294,5,0,68,68,0,19,23,26,43,13.608931900016614,2.3910680999833858
20260805_010412,sa200ms_open_game_v2_white,open_game,open_game,e4 e5,rnbqkbnr/pppp1ppp/8/4p3/4P3/8/PPPP1PPP/RNBQKBNR w KQkq - 0 2,0.2,16.0,True,0-1,checkmate,0.0,64,66,b1c3 b8c6 g1f3 g8f6 d2d4 e5d4 c3b5 f8b4 c2c3 d4c3 b2c3 f6e4 c3b4 c6b4 d1d4 b4c2 e1d1 c2d4 b5d4 e4f2 d1c2 f2h1 c1f4 d7d5 f1b5 c7c6 a1e1 c8e6 b5d3 e8g8 e1h1 e6g4 f3e5 g4h5 c2c1 f7f5 h1e1 d8d6 d3f5 d6c5 c1b1 c5b4 b1c2 b4e1 f5e6 g8h8 e6d5 c6d5 e5f7 f8f7 f4d6 e1e4 c2c3 e4g2 d6e5 a8c8 c3d3 g2e4 d3d2 f7f2 d4e2 f2e2 d2d1 e2h2,Nc3 Nc6 Nf3 Nf6 d4 exd4 Nb5 Bb4+ c3 dxc3 bxc3 Nxe4 cxb4 Nxb4 Qd4 Nc2+ Kd1 Nxd4 Nbxd4 Nxf2+ Kc2 Nxh1 Bf4 d5 Bb5+ c6 Re1+ Be6 Bd3 O-O Rxh1 Bg4 Ne5 Bh5 Kc1 f5 Re1 Qd6 Bxf5 Qc5+ Kb1 Qb4+ Kc2 Qxe1 Be6+ Kh8 Bxd5 cxd5 Nf7+ Rxf7 Bd6 Qe4+ Kc3 Qxg2 Be5 Rc8+ Kd3 Qe4+ Kd2 Rf2+ Ne2 Rxe2+ Kd1 Rxh2#,e4 e5 Nc3 Nc6 Nf3 Nf6 d4 exd4 Nb5 Bb4+ c3 dxc3 bxc3 Nxe4 cxb4 Nxb4 Qd4 Nc2+ Kd1 Nxd4 Nbxd4 Nxf2+ Kc2 Nxh1 Bf4 d5 Bb5+ c6 Re1+ Be6 Bd3 O-O Rxh1 Bg4 Ne5 Bh5 Kc1 f5 Re1 Qd6 Bxf5 Qc5+ Kb1 Qb4+ Kc2 Qxe1 Be6+ Kh8 Bxd5 cxd5 Nf7+ Rxf7 Bd6 Qe4+ Kc3 Qxg2 Be5 Rc8+ Kd3 Qe4+ Kd2 Rf2+ Ne2 Rxe2+ Kd1 Rxh2#,2r4k/pp4pp/8/3pB2b/4q3/8/P6r/3K4 w - - 0 34,-100000,10.742707500001416,white,32,16863,526.96875,1796,8075,0.47885904050287614,7.800000000000004,4.321094199985964,0.13503419374956138,2.28125,4,0,5,8,24,14,9,9,13,4.321094199985964,11.678905800014036,black,32,25848,807.75,3488,14644,0.5665428659857629,6.400000000000003,6.405294900017907,0.2001654656255596,2.34375,3,0,32,32,0,12,11,9,15,6.405294900017907,9.594705099982093
20260805_010412,sa200ms_open_game_v2_black,open_game,open_game,e4 e5,rnbqkbnr/pppp1ppp/8/4p3/4P3/8/PPPP1PPP/RNBQKBNR w KQkq - 0 2,0.2,16.0,True,0-1,checkmate,1.0,76,78,b1c3 b8c6 g1f3 g8f6 d2d4 e5d4 c3b5 f8b4 c2c3 d4c3 b2c3 f6e4 c3b4 c6b4 d1d4 b4c2 e1d1 c2d4 b5d4 e4f2 d1c2 f2h1 c1f4 d7d5 f1b5 c7c6 a1e1 c8e6 b5d3 e8g8 e1h1 e6g4 f3e5 g4h5 c2c1 f7f5 h1e1 d8d6 d3f5 d6c5 c1b1 c5b4 b1c2 b4e1 f5e6 g8h8 e6d5 c6d5 e5f7 f8f7 f4d6 e1e4 c2c3 e4g2 d6e5 a8c8 c3b3 h5d1 b3a3 c8c3 d4b3 c3e3 e5g7 h8g7 h2h4 f7f4 h4h5 g7f6 h5h6 g2e4 a3b2 f4f2 b2a1 d1b3 a2b3 e4h1,Nc3 Nc6 Nf3 Nf6 d4 exd4 Nb5 Bb4+ c3 dxc3 bxc3 Nxe4 cxb4 Nxb4 Qd4 Nc2+ Kd1 Nxd4 Nbxd4 Nxf2+ Kc2 Nxh1 Bf4 d5 Bb5+ c6 Re1+ Be6 Bd3 O-O Rxh1 Bg4 Ne5 Bh5 Kc1 f5 Re1 Qd6 Bxf5 Qc5+ Kb1 Qb4+ Kc2 Qxe1 Be6+ Kh8 Bxd5 cxd5 Nf7+ Rxf7 Bd6 Qe4+ Kc3 Qxg2 Be5 Rc8+ Kb3 Bd1+ Ka3 Rc3+ Nb3 Re3 Bxg7+ Kxg7 h4 Rf4 h5 Kf6 h6 Qe4 Kb2 Rf2+ Ka1 Bxb3 axb3 Qh1#,e4 e5 Nc3 Nc6 Nf3 Nf6 d4 exd4 Nb5 Bb4+ c3 dxc3 bxc3 Nxe4 cxb4 Nxb4 Qd4 Nc2+ Kd1 Nxd4 Nbxd4 Nxf2+ Kc2 Nxh1 Bf4 d5 Bb5+ c6 Re1+ Be6 Bd3 O-O Rxh1 Bg4 Ne5 Bh5 Kc1 f5 Re1 Qd6 Bxf5 Qc5+ Kb1 Qb4+ Kc2 Qxe1 Be6+ Kh8 Bxd5 cxd5 Nf7+ Rxf7 Bd6 Qe4+ Kc3 Qxg2 Be5 Rc8+ Kb3 Bd1+ Ka3 Rc3+ Nb3 Re3 Bxg7+ Kxg7 h4 Rf4 h5 Kf6 h6 Qe4 Kb2 Rf2+ Ka1 Bxb3 axb3 Qh1#,8/pp5p/5k1P/3p4/8/1P2r3/5r2/K6q w - - 1 40,-100000,15.1404782999889,black,38,33493,881.3947368421053,2721,18937,0.5654017257337354,10.200000000000005,7.5142222999566,0.19774269210412107,2.263157894736842,3,0,12,18,20,11,16,11,15,7.5142222999566,8.4857777000434,white,38,33776,888.8421052631579,4544,20156,0.5967550923732828,7.600000000000004,7.60713420000684,0.20018774210544316,2.5526315789473686,4,0,38,38,0,18,9,11,16,7.60713420000684,8.39286579999316
20260805_010412,sa200ms_italian_game_v2_white,italian_game,open_game,e4 e5 Nf3 Nc6 Bc4 Bc5,r1bqk1nr/pppp1ppp/2n5/2b1p3/2B1P3/5N2/PPPP1PPP/RNBQK2R w KQkq - 4 4,0.2,16.0,True,1-0,checkmate,1.0,85,91,e1e2 g8f6 b1c3 d7d5 e4d5 c6b4 c4b5 c7c6 d5c6 b7c6 b5c4 c8f5 f3e5 e8f8 c4f7 d8e7 f7e6 e7e6 d2d4 f5g4 f2f3 g4f3 e2f3 e6f5 c1f4 f5h5 g2g4 h5h3 f4g3 c5d6 e5c6 b4c6 f3f2 d6g3 h2g3 f6g4 f2f3 c6d4 d1d4 g4e5 d4e5 a8e8 e5d6 f8f7 h1h3 a7a5 d6d5 f7f6 d5d6 e8e6 c3e4 f6f7 d6d5 h8d8 d5d8 e6e5 d8c7 f7e6 c7d6 e6f7 d6e5 h7h6 e5a5 f7e6 a1d1 e6f7 a5d5 f7f8 d1d4 f8e8 d5e5 e8f7 g3g4 f7g8 c2c3 g8f7 f3e3 f7g8 h3f3 g7g5 f3f5 g8h7 f5f7 h7g8 e5e8,Ke2 Nf6 Nc3 d5 exd5 Nb4 Bb5+ c6 dxc6 bxc6 Bc4 Bf5 Nxe5 Kf8 Bxf7 Qe7 Be6 Qxe6 d4 Bg4+ f3 Bxf3+ Kxf3 Qf5+ Bf4 Qh5+ g4 Qh3+ Bg3 Bd6 Nxc6 Nxc6 Kf2 Bxg3+ hxg3 Nxg4+ Kf3 Nxd4+ Qxd4 Ne5+ Qxe5 Re8 Qd6+ Kf7 Rxh3 a5 Qd5+ Kf6 Qd6+ Re6 Ne4+ Kf7 Qd5 Rd8 Qxd8 Re5 Qc7+ Ke6 Qd6+ Kf7 Qxe5 h6 Qxa5 Ke6 Rd1 Kf7 Qd5+ Kf8 Rd4 Ke8 Qe5+ Kf7 g4 Kg8 c3 Kf7 Ke3 Kg8 Rf3 g5 Rf5 Kh7 Rf7+ Kg8 Qe8#,e4 e5 Nf3 Nc6 Bc4 Bc5 Ke2 Nf6 Nc3 d5 exd5 Nb4 Bb5+ c6 dxc6 bxc6 Bc4 Bf5 Nxe5 Kf8 Bxf7 Qe7 Be6 Qxe6 d4 Bg4+ f3 Bxf3+ Kxf3 Qf5+ Bf4 Qh5+ g4 Qh3+ Bg3 Bd6 Nxc6 Nxc6 Kf2 Bxg3+ hxg3 Nxg4+ Kf3 Nxd4+ Qxd4 Ne5+ Qxe5 Re8 Qd6+ Kf7 Rxh3 a5 Qd5+ Kf6 Qd6+ Re6 Ne4+ Kf7 Qd5 Rd8 Qxd8 Re5 Qc7+ Ke6 Qd6+ Kf7 Qxe5 h6 Qxa5 Ke6 Rd1 Kf7 Qd5+ Kf8 Rd4 Ke8 Qe5+ Kf7 g4 Kg8 c3 Kf7 Ke3 Kg8 Rf3 g5 Rf5 Kh7 Rf7+ Kg8 Qe8#,4Q1k1/5R2/7p/6p1/3RN1P1/2P1K3/PP6/8 b - - 5 46,100000,18.50875379999343,white,43,45181,1050.7209302325582,3488,32537,0.7201478497598548,12.765577399876204,10.080411900082254,0.2344281837228431,2.2325581395348837,3,0,23,27,16,9,11,23,31,10.080411900082254,5.919588099917746,black,42,36735,874.6428571428571,4513,20751,0.5648836259697836,8.400000000000002,8.406684600005974,0.2001591571429994,2.5238095238095237,3,0,42,42,0,6,13,23,32,8.406684600005974,7.593315399994026
20260805_010412,sa200ms_italian_game_v2_black,italian_game,open_game,e4 e5 Nf3 Nc6 Bc4 Bc5,r1bqk1nr/pppp1ppp/2n5/2b1p3/2B1P3/5N2/PPPP1PPP/RNBQK2R w KQkq - 4 4,0.2,16.0,True,0-1,checkmate,1.0,58,64,e1e2 g8f6 b1c3 d7d5 e4d5 c6b4 c4b5 c7c6 d5c6 b7c6 b5c4 c8f5 f3e5 e8f8 c4f7 d8e7 f7e6 e7e6 c3e4 e6e5 d2d4 e5e4 c1e3 f5g4 f2f3 g4f3 g2f3 e4d5 c2c4 d5c4 e2f2 c5d6 f3f4 f6e4 f2f3 a8e8 h1g1 b4d5 e3c1 e8e6 g1g4 h7h5 g4g2 h8h6 h2h4 h6f6 b2b4 d6b4 a1b1 c4c3 f3e2 c3c4 e2f3 c4c3 f3e2 e4d2 e2f2 c3e3,Ke2 Nf6 Nc3 d5 exd5 Nb4 Bb5+ c6 dxc6 bxc6 Bc4 Bf5 Nxe5 Kf8 Bxf7 Qe7 Be6 Qxe6 Ne4 Qxe5 d4 Qxe4+ Be3 Bg4+ f3 Bxf3+ gxf3 Qd5 c4 Qxc4+ Kf2 Bd6 f4 Ne4+ Kf3 Re8 Rg1 Nd5 Bc1 Re6 Rg4 h5 Rg2 Rhh6 h4 Rhf6 b4 Bxb4 Rb1 Qc3+ Ke2 Qc4+ Kf3 Qc3+ Ke2 Nd2+ Kf2 Qe3#,e4 e5 Nf3 Nc6 Bc4 Bc5 Ke2 Nf6 Nc3 d5 exd5 Nb4 Bb5+ c6 dxc6 bxc6 Bc4 Bf5 Nxe5 Kf8 Bxf7 Qe7 Be6 Qxe6 Ne4 Qxe5 d4 Qxe4+ Be3 Bg4+ f3 Bxf3+ gxf3 Qd5 c4 Qxc4+ Kf2 Bd6 f4 Ne4+ Kf3 Re8 Rg1 Nd5 Bc1 Re6 Rg4 h5 Rg2 Rhh6 h4 Rhf6 b4 Bxb4 Rb1 Qc3+ Ke2 Qc4+ Kf3 Qc3+ Ke2 Nd2+ Kf2 Qe3#,5k2/p5p1/2p1rr2/3n3p/1b1P1P1P/4q3/P2n1KR1/1RBQ4 w - - 10 33,-100000,12.394822800008114,black,29,24450,843.1034482758621,2160,16233,0.6639263803680981,8.200000000000003,6.57286019998719,0.22665035172369621,2.0689655172413794,3,0,13,15,14,5,6,18,24,6.57286019998719,9.42713980001281,white,29,20600,710.3448275862069,3003,12158,0.5901941747572815,5.8000000000000025,5.805559700005688,0.20019171379329959,2.2758620689655173,3,0,29,29,0,5,6,18,21,5.805559700005688,10.194440299994312
20260805_010412,sa200ms_ruy_lopez_v2_white,ruy_lopez,open_game,e4 e5 Nf3 Nc6 Bb5 a6,r1bqkbnr/1ppp1ppp/p1n5/1B2p3/4P3/5N2/PPPP1PPP/RNBQK2R w KQkq - 0 4,0.2,16.0,True,0-1,checkmate,0.0,66,72,b5c6 d7c6 f3e5 d8d4 e5f3 d4e4 d1e2 g8f6 b1c3 e4e2 e1e2 c8f5 d2d4 f5c2 c1f4 f8b4 f4c7 c2f5 c3a4 f6d5 c7e5 a8d8 e5g7 d5f4 e2d1 h8g8 g7e5 f4g2 d1e2 d8d5 e5f6 g2f4 e2e3 f4g2 e3e2 g2f4 e2e3 g8g4 a4b6 f4g2 e3e2 g4e4 e2f1 g2e3 f2e3 f5h3 f1e2 d5f5 e2d3 e4g4 a1c1 f5f6 f3e5 g4g5 e5c4 h3f5 e3e4 f5e6 c4e5 e6a2 e5d7 f6f3 d3c2 g5g2 c2d1 f3d3,Bxc6 dxc6 Nxe5 Qd4 Nf3 Qxe4+ Qe2 Nf6 Nc3 Qxe2+ Kxe2 Bf5 d4 Bxc2 Bf4 Bb4 Bxc7 Bf5 Na4 Nd5 Be5 Rd8 Bxg7 Nf4+ Kd1 Rg8 Be5 Nxg2 Ke2 Rd5 Bf6 Nf4+ Ke3 Ng2+ Ke2 Nf4+ Ke3 Rg4 Nb6 Ng2+ Ke2 Re4+ Kf1 Ne3+ fxe3 Bh3+ Ke2 Rf5 Kd3 Rg4 Rac1 Rxf6 Ne5 Rg5 Nec4 Bf5+ e4 Be6 Ne5 Bxa2 Ned7 Rf3+ Kc2 Rg2+ Kd1 Rd3#,e4 e5 Nf3 Nc6 Bb5 a6 Bxc6 dxc6 Nxe5 Qd4 Nf3 Qxe4+ Qe2 Nf6 Nc3 Qxe2+ Kxe2 Bf5 d4 Bxc2 Bf4 Bb4 Bxc7 Bf5 Na4 Nd5 Be5 Rd8 Bxg7 Nf4+ Kd1 Rg8 Be5 Nxg2 Ke2 Rd5 Bf6 Nf4+ Ke3 Ng2+ Ke2 Nf4+ Ke3 Rg4 Nb6 Ng2+ Ke2 Re4+ Kf1 Ne3+ fxe3 Bh3+ Ke2 Rf5 Kd3 Rg4 Rac1 Rxf6 Ne5 Rg5 Nec4 Bf5+ e4 Be6 Ne5 Bxa2 Ned7 Rf3+ Kc2 Rg2+ Kd1 Rd3#,4k3/1p1N1p1p/pNp5/8/1b1PP3/3r4/bP4rP/2RK3R w - - 6 37,-100000,10.564468500000658,white,33,14328,434.1818181818182,1831,4615,0.3220965940815187,7.000000000000004,3.941605499945581,0.11944259090744185,2.3636363636363638,4,0,3,8,25,8,11,14,20,3.941605499945581,12.058394500054419,black,33,25261,765.4848484848485,2992,17297,0.6847314041407704,6.600000000000003,6.604973100009374,0.20015070000028407,2.121212121212121,3,0,33,33,0,6,4,23,26,6.604973100009374,9.395026899990626
20260805_010412,sa200ms_ruy_lopez_v2_black,ruy_lopez,open_game,e4 e5 Nf3 Nc6 Bb5 a6,r1bqkbnr/1ppp1ppp/p1n5/1B2p3/4P3/5N2/PPPP1PPP/RNBQK2R w KQkq - 0 4,0.2,16.0,False,*,max_plies_truncation,,160,166,b5c6 d7c6 f3e5 d8d4 e5f3 d4e4 d1e2 g8f6 b1c3 e4e2 e1e2 c8f5 d2d4 f5c2 c1f4 f8b4 f4c7 c2f5 c3a4 f6d5 c7e5 a8d8 e5g7 d5f4 e2d1 h8g8 g7e5 f4g2 d1e2 d8d5 e5f6 g2f4 e2e3 f4g2 e3e2 g2f4 e2e3 g8g4 a4b6 f4g2 e3e2 g4e4 e2f1 g2e3 f2e3 f5h3 f1e2 d5f5 e2d3 e4g4 a1c1 f5f6 f3e5 g4g5 e5c4 h3f5 e3e4 f5e6 c4e3 e6a2 h1d1 a2e6 h2h4 g5g3 b6d5 c6d5 e4d5 e6d5 c1c7 e8d8 c7b7 d5b7 d1a1 b7d5 a1a4 b4d6 a4a6 g3e3 d3e3 d6f4 e3d3 f6a6 h4h5 a6e6 b2b4 f7f5 d3c3 e6e3 c3d2 d8d7 b4b5 d7d6 d2c2 h7h6 c2b2 d6d7 b2c2 f4d6 c2d2 e3e4 d2d3 d7e6 d3c3 e6f6 c3d3 f6g7 d3c3 g7f6 c3d3 d6b4 b5b6 b4d6 d3c3 e4e3 c3d2 e3e4 d2d3 f6g7 d3c3 g7f6 c3d3 f6g7 d3c3 e4e3 c3d2 d6f4 d2c2 f4d6 c2d2 d6f4 d2c2 e3e2 c2d3 e2e4 d3c3 f4d6 c3d3 g7f6 d3c3 e4e3 c3c2 f6e6 c2d2 d6f4 d2c2 f4d6 c2b2 e3e2 b2c3 e2e3 c3b2 e3e2 b2c3 e6d7 c3d3 e2e4 d3c3 d7c6 b6b7 c6b7,Bxc6 dxc6 Nxe5 Qd4 Nf3 Qxe4+ Qe2 Nf6 Nc3 Qxe2+ Kxe2 Bf5 d4 Bxc2 Bf4 Bb4 Bxc7 Bf5 Na4 Nd5 Be5 Rd8 Bxg7 Nf4+ Kd1 Rg8 Be5 Nxg2 Ke2 Rd5 Bf6 Nf4+ Ke3 Ng2+ Ke2 Nf4+ Ke3 Rg4 Nb6 Ng2+ Ke2 Re4+ Kf1 Ne3+ fxe3 Bh3+ Ke2 Rf5 Kd3 Rg4 Rac1 Rxf6 Ne5 Rg5 Nec4 Bf5+ e4 Be6 Ne3 Bxa2 Rhd1 Be6 h4 Rg3 Nd5 cxd5 exd5 Bxd5 Rc7 Kd8 Rxb7 Bxb7 Ra1 Bd5 Ra4 Bd6 Rxa6 Rxe3+ Kxe3 Bf4+ Kd3 Rxa6 h5 Re6 b4 f5 Kc3 Re3+ Kd2 Kd7 b5 Kd6 Kc2 h6 Kb2 Kd7 Kc2 Bd6 Kd2 Re4 Kd3 Ke6 Kc3 Kf6 Kd3 Kg7 Kc3 Kf6 Kd3 Bb4 b6 Bd6 Kc3 Re3+ Kd2 Re4 Kd3 Kg7 Kc3 Kf6 Kd3 Kg7 Kc3 Re3+ Kd2 Bf4 Kc2 Bd6 Kd2 Bf4 Kc2 Re2+ Kd3 Re4 Kc3 Bd6 Kd3 Kf6 Kc3 Re3+ Kc2 Ke6 Kd2 Bf4 Kc2 Bd6 Kb2 Re2+ Kc3 Re3+ Kb2 Re2+ Kc3 Kd7 Kd3 Re4 Kc3 Kc6 b7 Kxb7,e4 e5 Nf3 Nc6 Bb5 a6 Bxc6 dxc6 Nxe5 Qd4 Nf3 Qxe4+ Qe2 Nf6 Nc3 Qxe2+ Kxe2 Bf5 d4 Bxc2 Bf4 Bb4 Bxc7 Bf5 Na4 Nd5 Be5 Rd8 Bxg7 Nf4+ Kd1 Rg8 Be5 Nxg2 Ke2 Rd5 Bf6 Nf4+ Ke3 Ng2+ Ke2 Nf4+ Ke3 Rg4 Nb6 Ng2+ Ke2 Re4+ Kf1 Ne3+ fxe3 Bh3+ Ke2 Rf5 Kd3 Rg4 Rac1 Rxf6 Ne5 Rg5 Nec4 Bf5+ e4 Be6 Ne3 Bxa2 Rhd1 Be6 h4 Rg3 Nd5 cxd5 exd5 Bxd5 Rc7 Kd8 Rxb7 Bxb7 Ra1 Bd5 Ra4 Bd6 Rxa6 Rxe3+ Kxe3 Bf4+ Kd3 Rxa6 h5 Re6 b4 f5 Kc3 Re3+ Kd2 Kd7 b5 Kd6 Kc2 h6 Kb2 Kd7 Kc2 Bd6 Kd2 Re4 Kd3 Ke6 Kc3 Kf6 Kd3 Kg7 Kc3 Kf6 Kd3 Bb4 b6 Bd6 Kc3 Re3+ Kd2 Re4 Kd3 Kg7 Kc3 Kf6 Kd3 Kg7 Kc3 Re3+ Kd2 Bf4 Kc2 Bd6 Kd2 Bf4 Kc2 Re2+ Kd3 Re4 Kc3 Bd6 Kd3 Kf6 Kc3 Re3+ Kc2 Ke6 Kd2 Bf4 Kc2 Bd6 Kb2 Re2+ Kc3 Re3+ Kb2 Re2+ Kc3 Kd7 Kd3 Re4 Kc3 Kc6 b7 Kxb7,8/1k6/3b3p/3b1p1P/3Pr3/2K5/8/8 w - - 0 84,-1304,31.975131400002283,black,80,72356,904.45,5835,55766,0.7707170103377743,17.6150327000342,15.931181900028605,0.19913977375035757,2.1,3,0,58,64,16,14,24,42,64,15.931181900028605,0.06881809997139499,white,80,74548,931.85,8473,49541,0.6645516982346944,15.985704899980895,16.00022080000781,0.20000276000009762,2.725,3,0,80,80,0,22,37,21,44,16.0,0.0
20260805_010412,sa200ms_scotch_game_v2_white,scotch_game,open_game,e4 e5 Nf3 Nc6 d4 exd4,r1bqkbnr/pppp1ppp/2n5/8/3pP3/5N2/PPP2PPP/RNBQKB1R w KQkq - 0 4,0.2,16.0,True,1/2-1/2,threefold_repetition,0.5,120,126,b1d2 g8f6 f1c4 d7d5 c4b5 d5e4 f3e5 c8d7 b5c6 d7c6 d1e2 c6d5 e2b5 d5c6 e5c6 b7c6 b5c6 e8e7 c6c5 d8d6 c5d6 e7d6 d2c4 d6d5 c4d2 f8b4 c2c3 d4c3 b2c3 b4c3 c1b2 c3b2 a1b1 b2c3 b1b5 d5c6 a2a4 h8e8 e1e2 c3d2 e2d2 a8d8 d2e2 d8d4 h1c1 c6d6 a4a5 g7g5 b5g5 h7h6 g5c5 a7a6 c5c7 e8e5 c7f7 f6d5 g2g4 d6e6 f7f5 e5f5 c1c6 e6d7 g4f5 d7c6 f2f3 d5c3 e2e3 d4d3 e3f4 d3f3 f4e5 c6c5 h2h4 c3d5 h4h5 c5c4 e5e6 c4d4 e6d7 f3f5 d7e6 f5h5 e6d7 d5f4 d7e7 h5a5 e7d6 a5c5 d6e7 c5d5 e7f8 f4g6 f8g7 g6e5 g7h6 a6a5 h6g5 e5d3 g5g6 d3e5 g6f5 e5d3 f5g6 d3f4 g6g7 d5e5 g7f6 f4d5 f6f7 e5e7 f7g8 a5a4 g8h8 e7e8 h8h7 e8e7 h7h8 e7e8 h8g7 e8e7,Nbd2 Nf6 Bc4 d5 Bb5 dxe4 Ne5 Bd7 Bxc6 Bxc6 Qe2 Bd5 Qb5+ Bc6 Nxc6 bxc6 Qxc6+ Ke7 Qc5+ Qd6 Qxd6+ Kxd6 Nc4+ Kd5 Nd2 Bb4 c3 dxc3 bxc3 Bxc3 Bb2 Bxb2 Rb1 Bc3 Rb5+ Kc6 a4 Rhe8 Ke2 Bxd2 Kxd2 Rad8+ Ke2 Rd4 Rc1+ Kd6 a5 g5 Rxg5 h6 Rgc5 a6 Rxc7 Re5 Rxf7 Nd5 g4 Ke6 Rf5 Rxf5 Rc6+ Kd7 gxf5 Kxc6 f3 Nc3+ Ke3 Rd3+ Kf4 Rxf3+ Ke5 Kc5 h4 Nd5 h5 Kc4 Ke6 Kd4 Kd7 Rxf5 Ke6 Rxh5 Kd7 Nf4 Ke7 Rxa5 Kd6 Rc5 Ke7 Rd5 Kf8 Ng6+ Kg7 Ne5 Kxh6 a5 Kg5 Nd3+ Kg6 Ne5+ Kf5 Nd3+ Kg6 Nf4+ Kg7 Re5 Kf6 Nd5+ Kf7 Re7+ Kg8 a4 Kh8 Re8+ Kh7 Re7+ Kh8 Re8+ Kg7 Re7+,e4 e5 Nf3 Nc6 d4 exd4 Nbd2 Nf6 Bc4 d5 Bb5 dxe4 Ne5 Bd7 Bxc6 Bxc6 Qe2 Bd5 Qb5+ Bc6 Nxc6 bxc6 Qxc6+ Ke7 Qc5+ Qd6 Qxd6+ Kxd6 Nc4+ Kd5 Nd2 Bb4 c3 dxc3 bxc3 Bxc3 Bb2 Bxb2 Rb1 Bc3 Rb5+ Kc6 a4 Rhe8 Ke2 Bxd2 Kxd2 Rad8+ Ke2 Rd4 Rc1+ Kd6 a5 g5 Rxg5 h6 Rgc5 a6 Rxc7 Re5 Rxf7 Nd5 g4 Ke6 Rf5 Rxf5 Rc6+ Kd7 gxf5 Kxc6 f3 Nc3+ Ke3 Rd3+ Kf4 Rxf3+ Ke5 Kc5 h4 Nd5 h5 Kc4 Ke6 Kd4 Kd7 Rxf5 Ke6 Rxh5 Kd7 Nf4 Ke7 Rxa5 Kd6 Rc5 Ke7 Rd5 Kf8 Ng6+ Kg7 Ne5 Kxh6 a5 Kg5 Nd3+ Kg6 Ne5+ Kf5 Nd3+ Kg6 Nf4+ Kg7 Re5 Kf6 Nd5+ Kf7 Re7+ Kg8 a4 Kh8 Re8+ Kh7 Re7+ Kh8 Re8+ Kg7 Re7+,8/4r1K1/8/3n4/p2kp3/8/8/8 w - - 8 64,0,23.03947629999311,white,60,55903,931.7166666666667,4923,31860,0.56991574691877,15.399999999999986,11.003354700020282,0.183389245000338,2.683333333333333,4,0,20,31,29,19,23,18,34,11.003354700020282,4.996645299979718,black,60,65942,1099.0333333333333,9706,29658,0.44975887901489187,11.99999999999999,12.009049199987203,0.2001508199997867,2.683333333333333,4,0,60,60,0,18,20,22,37,12.009049199987203,3.990950800012797
20260805_010412,sa200ms_scotch_game_v2_black,scotch_game,open_game,e4 e5 Nf3 Nc6 d4 exd4,r1bqkbnr/pppp1ppp/2n5/8/3pP3/5N2/PPP2PPP/RNBQKB1R w KQkq - 0 4,0.2,16.0,True,0-1,checkmate,1.0,70,76,b1d2 g8f6 f1c4 d7d5 e4d5 d8e7 e1f1 c6b4 f3d4 e7e5 c4b5 c7c6 b5c6 b7c6 d4f3 e5d5 d1e2 c8e6 e2e3 d5b5 c2c4 b5f5 f3d4 f5c5 f2f4 f8e7 d2e4 e6c4 f1e1 b4c2 d4c2 c5a5 b2b4 e7b4 e4c3 b4e7 c2b4 a5b4 c1d2 e8c8 e3h3 c8b8 h3f5 f6e8 f5e5 b8a8 a1c1 e7h4 g2g3 d8d2 g3h4 d2a2 e1d1 c4b3 d1e1 e8c7 e5c7 h8e8 e1f1 b3c4 c3e2 c4e2 f1g2 b4e4 g2f2 e4d4 f2e1 e2a6 c7e7 e8e7,Nbd2 Nf6 Bc4 d5 exd5 Qe7+ Kf1 Nb4 Nxd4 Qe5 Bb5+ c6 Bxc6+ bxc6 N4f3 Qxd5 Qe2+ Be6 Qe3 Qb5+ c4 Qf5 Nd4 Qc5 f4 Be7 Ne4 Bxc4+ Ke1 Nc2+ Nxc2 Qa5+ b4 Bxb4+ Nc3+ Be7 Nb4 Qxb4 Bd2 O-O-O Qh3+ Kb8 Qf5 Ne8 Qe5+ Ka8 Rc1 Bh4+ g3 Rxd2 gxh4 Rxa2 Kd1 Bb3+ Ke1 Nc7 Qxc7 Re8+ Kf1 Bc4+ Ne2 Bxe2+ Kg2 Qe4+ Kf2 Qd4+ Ke1 Ba6+ Qe7 Rxe7#,e4 e5 Nf3 Nc6 d4 exd4 Nbd2 Nf6 Bc4 d5 exd5 Qe7+ Kf1 Nb4 Nxd4 Qe5 Bb5+ c6 Bxc6+ bxc6 N4f3 Qxd5 Qe2+ Be6 Qe3 Qb5+ c4 Qf5 Nd4 Qc5 f4 Be7 Ne4 Bxc4+ Ke1 Nc2+ Nxc2 Qa5+ b4 Bxb4+ Nc3+ Be7 Nb4 Qxb4 Bd2 O-O-O Qh3+ Kb8 Qf5 Ne8 Qe5+ Ka8 Rc1 Bh4+ g3 Rxd2 gxh4 Rxa2 Kd1 Bb3+ Ke1 Nc7 Qxc7 Re8+ Kf1 Bc4+ Ne2 Bxe2+ Kg2 Qe4+ Kf2 Qd4+ Ke1 Ba6+ Qe7 Rxe7#,k7/p3rppp/b1p5/8/3q1P1P/8/r6P/2R1K2R w - - 0 39,-100000,14.787000900003477,black,35,29218,834.8,3140,15167,0.519097816414539,10.400000000000002,7.739758300042013,0.2211359514297718,2.3142857142857145,3,0,13,16,19,5,14,16,25,7.739758300042013,8.260241699957987,white,35,26272,750.6285714285714,3789,14775,0.5623858099878197,7.0000000000000036,7.02890590003517,0.2008258828581477,2.4857142857142858,4,0,35,35,0,8,12,15,19,7.02890590003517,8.97109409996483
20260805_010412,sa200ms_sicilian_defence_v2_white,sicilian_defence,semi_open_game,e4 c5 Nf3 d6 d4 cxd4,rnbqkbnr/pp2pppp/3p4/8/3pP3/5N2/PPP2PPP/RNBQKB1R w KQkq - 0 4,0.2,16.0,True,1/2-1/2,threefold_repetition,0.5,115,121,d1d4 d8a5 e1d1 b8c6 d4d3 g8f6 c1f4 c8e6 f1e2 a8d8 c2c4 a5a4 d1c1 a4a5 b2b4 a5b4 f4d6 e7d6 h1d1 b4c5 b1c3 c5a3 c1b1 a3b4 b1c2 b4c5 a1b1 c5f2 b1b7 f2g2 f3d2 g2h2 b7b5 h2f4 d2b3 d6d5 c4d5 f6d5 e4d5 e6d5 c3d5 f4e5 d5c7 e5c7 d3e4 c6e5 b5c5 f8c5 e2b5 e8e7 d1d8 e7d8 e4a8 c7c8 a8c8 d8c8 b3c5 h8d8 c5d7 e5d7 b5d3 d7f6 d3f5 c8c7 c2c3 h7h5 a2a4 d8d5 f5d3 c7d6 c3c4 d6e5 d3e2 d5d4 c4b3 h5h4 a4a5 f6e4 b3b2 f7f5 e2f3 d4d2 b2c1 d2d5 c1b1 e4d2 b1c2 d2f3 a5a6 d5d6 c2c3 d6a6 c3d3 a6a4 d3e3 a4a3 e3e2 f3d4 e2d2 e5d5 d2e1 a3e3 e1d2 f5f4 d2c1 g7g5 c1d2 a7a5 d2c1 e3e5 c1d2 e5e3 d2d1 e3e5 d1d2,Qxd4 Qa5+ Kd1 Nc6 Qd3 Nf6 Bf4 Be6 Be2 Rd8 c4 Qa4+ Kc1 Qa5 b4 Qxb4 Bxd6 exd6 Rd1 Qc5 Nc3 Qa3+ Kb1 Qb4+ Kc2 Qc5 Rab1 Qxf2 Rxb7 Qxg2 Nd2 Qxh2 Rb5 Qf4 Nb3 d5 cxd5 Nxd5 exd5 Bxd5 Nxd5 Qe5 Nc7+ Qxc7 Qe4+ Ne5+ Rc5 Bxc5 Bb5+ Ke7 Rxd8 Kxd8 Qa8+ Qc8 Qxc8+ Kxc8 Nxc5 Rd8 Nd7 Nxd7 Bd3 Nf6 Bf5+ Kc7 Kc3 h5 a4 Rd5 Bd3 Kd6 Kc4 Ke5 Be2 Rd4+ Kb3 h4 a5 Ne4 Kb2 f5 Bf3 Rd2+ Kc1 Rd5 Kb1 Nd2+ Kc2 Nxf3 a6 Rd6 Kc3 Rxa6 Kd3 Ra4 Ke3 Ra3+ Ke2 Nd4+ Kd2 Kd5 Ke1 Re3+ Kd2 f4 Kc1 g5 Kd2 a5 Kc1 Re5 Kd2 Re3 Kd1 Re5 Kd2,e4 c5 Nf3 d6 d4 cxd4 Qxd4 Qa5+ Kd1 Nc6 Qd3 Nf6 Bf4 Be6 Be2 Rd8 c4 Qa4+ Kc1 Qa5 b4 Qxb4 Bxd6 exd6 Rd1 Qc5 Nc3 Qa3+ Kb1 Qb4+ Kc2 Qc5 Rab1 Qxf2 Rxb7 Qxg2 Nd2 Qxh2 Rb5 Qf4 Nb3 d5 cxd5 Nxd5 exd5 Bxd5 Nxd5 Qe5 Nc7+ Qxc7 Qe4+ Ne5+ Rc5 Bxc5 Bb5+ Ke7 Rxd8 Kxd8 Qa8+ Qc8 Qxc8+ Kxc8 Nxc5 Rd8 Nd7 Nxd7 Bd3 Nf6 Bf5+ Kc7 Kc3 h5 a4 Rd5 Bd3 Kd6 Kc4 Ke5 Be2 Rd4+ Kb3 h4 a5 Ne4 Kb2 f5 Bf3 Rd2+ Kc1 Rd5 Kb1 Nd2+ Kc2 Nxf3 a6 Rd6 Kc3 Rxa6 Kd3 Ra4 Ke3 Ra3+ Ke2 Nd4+ Kd2 Kd5 Ke1 Re3+ Kd2 f4 Kc1 g5 Kd2 a5 Kc1 Re5 Kd2 Re3 Kd1 Re5 Kd2,8/8/8/p2kr1p1/3n1p1p/8/3K4/8 b - - 7 61,0,21.468539900000906,white,58,45305,781.1206896551724,4580,15796,0.34865908840083876,14.799999999999988,10.033518399999593,0.17299169655171712,2.603448275862069,3,0,10,18,40,14,27,17,39,10.033518399999593,5.966481600000407,black,57,54830,961.9298245614035,6375,30276,0.5521794637971913,11.399999999999991,11.407453800056828,0.2001307684220496,2.4035087719298245,4,0,57,57,0,14,24,19,39,11.407453800056828,4.592546199943172
20260805_010412,sa200ms_sicilian_defence_v2_black,sicilian_defence,semi_open_game,e4 c5 Nf3 d6 d4 cxd4,rnbqkbnr/pp2pppp/3p4/8/3pP3/5N2/PPP2PPP/RNBQKB1R w KQkq - 0 4,0.2,16.0,True,1-0,checkmate,0.0,53,59,d1d4 d8a5 e1d1 b8c6 d4d3 g8f6 c1f4 c8e6 f1e2 a8d8 c2c4 a5a4 d1c1 a4a5 b2b4 a5b4 f4d6 e7d6 h1d1 b4c5 b1c3 c5a3 c1d2 a3b2 d2e1 f8e7 f3e5 c6e5 d3d4 f6e4 d4e4 b2c3 e1f1 e5c4 a1b1 d6d5 e4f4 c4a3 b1b7 e7c5 f4a4 e8f8 f2f4 d8d6 b7b8 e6c8 b8c8 f8e7 c8h8 f7f5 a4e8 e7f6 h8f8,Qxd4 Qa5+ Kd1 Nc6 Qd3 Nf6 Bf4 Be6 Be2 Rd8 c4 Qa4+ Kc1 Qa5 b4 Qxb4 Bxd6 exd6 Rd1 Qc5 Nc3 Qa3+ Kd2 Qb2+ Ke1 Be7 Ne5 Nxe5 Qd4 Nxe4 Qxe4 Qxc3+ Kf1 Nxc4 Rab1 d5 Qf4 Na3 Rxb7 Bc5 Qa4+ Kf8 f4 Rd6 Rb8+ Bc8 Rxc8+ Ke7 Rxh8 f5 Qe8+ Kf6 Rf8#,e4 c5 Nf3 d6 d4 cxd4 Qxd4 Qa5+ Kd1 Nc6 Qd3 Nf6 Bf4 Be6 Be2 Rd8 c4 Qa4+ Kc1 Qa5 b4 Qxb4 Bxd6 exd6 Rd1 Qc5 Nc3 Qa3+ Kd2 Qb2+ Ke1 Be7 Ne5 Nxe5 Qd4 Nxe4 Qxe4 Qxc3+ Kf1 Nxc4 Rab1 d5 Qf4 Na3 Rxb7 Bc5 Qa4+ Kf8 f4 Rd6 Rb8+ Bc8 Rxc8+ Ke7 Rxh8 f5 Qe8+ Kf6 Rf8#,4QR2/p5pp/3r1k2/2bp1p2/5P2/n1q5/P3B1PP/3R1K2 b - - 3 30,100000,9.114844900002936,black,26,12537,482.1923076923077,1464,5345,0.426338039403366,5.400000000000002,3.6944709999952465,0.14209503846135563,2.1153846153846154,4,0,8,9,17,2,10,14,23,3.6944709999952465,12.305529000004753,white,27,18864,698.6666666666666,2836,9566,0.5071034775233249,5.400000000000002,5.404444200001308,0.20016460000004843,2.2222222222222223,3,0,27,27,0,6,6,15,21,5.404444200001308,10.595555799998692
20260805_010412,sa200ms_french_defence_v2_white,french_defence,semi_open_game,e4 e6 d4 d5 Nc3 Nf6,rnbqkb1r/ppp2ppp/4pn2/3p4/3PP3/2N5/PPP2PPP/R1BQKBNR w KQkq - 2 4,0.2,16.0,True,1/2-1/2,threefold_repetition,0.5,120,126,f1b5 c7c6 b5d3 d5e4 d3c4 f8b4 c4e6 c8e6 g1f3 e4f3 d1f3 b4c3 b2c3 f6d7 f3e4 d8e7 a2a4 b8a6 c1f4 a6c5 d4c5 d7c5 e4e5 c5a4 a1a4 a8d8 a4a7 e8g8 e1g1 h7h5 e5h5 f7f6 f1e1 g7g5 h5g6 e7g7 g6g7 g8g7 a7b7 e6f7 f4g3 d8d5 b7e7 g7g6 e7e4 f8d8 f2f3 g6g7 g3c7 d8d7 c7b6 f7g6 e4c4 g6c2 c4c6 f6f5 c6e6 g7g8 e6e8 g8g7 e8e6 g7g8 e6g6 d7g7 e1e8 g8h7 g6g7 h7g7 b6d4 g7f7 e8e3 f7f8 g1f1 f5f4 e3e5 c2d3 f1e1 d5e5 d4e5 f8f7 e1d2 d3f5 c3c4 f7e6 e5b8 f5h7 d2c3 h7g6 c3d4 g6h5 h2h3 e6f5 b8c7 f5e6 c7b8 e6f6 g2g4 f4g3 b8e5 f6e6 d4e4 h5f3 e4f3 e6e5 f3g3 e5d4 g3g4 d4c4 g4g5 c4d5 g5f5 d5d4 f5e6 d4e4 e6d6 e4d4 d6e6 d4e4 e6d6 e4d4,Bb5+ c6 Bd3 dxe4 Bc4 Bb4 Bxe6 Bxe6 Nf3 exf3 Qxf3 Bxc3+ bxc3 Nfd7 Qe4 Qe7 a4 Na6 Bf4 Nac5 dxc5 Nxc5 Qe5 Nxa4 Rxa4 Rd8 Rxa7 O-O O-O h5 Qxh5 f6 Re1 g5 Qg6+ Qg7 Qxg7+ Kxg7 Rxb7+ Bf7 Bg3 Rd5 Rbe7 Kg6 R7e4 Rfd8 f3 Kg7 Bc7 R8d7 Bb6 Bg6 Rc4 Bxc2 Rxc6 f5 Rce6 Kg8 Re8+ Kg7 R8e6 Kg8 Rg6+ Rg7 Re8+ Kh7 Rxg7+ Kxg7 Bd4+ Kf7 Re3 Kf8 Kf1 f4 Re5 Bd3+ Ke1 Rxe5+ Bxe5 Kf7 Kd2 Bf5 c4 Ke6 Bb8 Bh7 Kc3 Bg6 Kd4 Bh5 h3 Kf5 Bc7 Ke6 Bb8 Kf6 g4 fxg3 Be5+ Ke6 Ke4 Bxf3+ Kxf3 Kxe5 Kxg3 Kd4 Kg4 Kxc4 Kxg5 Kd5 Kf5 Kd4 Ke6 Ke4 Kd6 Kd4 Ke6 Ke4 Kd6 Kd4,e4 e6 d4 d5 Nc3 Nf6 Bb5+ c6 Bd3 dxe4 Bc4 Bb4 Bxe6 Bxe6 Nf3 exf3 Qxf3 Bxc3+ bxc3 Nfd7 Qe4 Qe7 a4 Na6 Bf4 Nac5 dxc5 Nxc5 Qe5 Nxa4 Rxa4 Rd8 Rxa7 O-O O-O h5 Qxh5 f6 Re1 g5 Qg6+ Qg7 Qxg7+ Kxg7 Rxb7+ Bf7 Bg3 Rd5 Rbe7 Kg6 R7e4 Rfd8 f3 Kg7 Bc7 R8d7 Bb6 Bg6 Rc4 Bxc2 Rxc6 f5 Rce6 Kg8 Re8+ Kg7 R8e6 Kg8 Rg6+ Rg7 Re8+ Kh7 Rxg7+ Kxg7 Bd4+ Kf7 Re3 Kf8 Kf1 f4 Re5 Bd3+ Ke1 Rxe5+ Bxe5 Kf7 Kd2 Bf5 c4 Ke6 Bb8 Bh7 Kc3 Bg6 Kd4 Bh5 h3 Kf5 Bc7 Ke6 Bb8 Kf6 g4 fxg3 Be5+ Ke6 Ke4 Bxf3+ Kxf3 Kxe5 Kxg3 Kd4 Kg4 Kxc4 Kxg5 Kd5 Kf5 Kd4 Ke6 Ke4 Kd6 Kd4 Ke6 Ke4 Kd6 Kd4,8/8/3K4/8/3k4/7P/8/8 w - - 11 64,0,21.537388299999293,white,60,43909,731.8166666666667,5448,12726,0.28982668701177433,16.6,9.501679099965259,0.1583613183327543,2.6666666666666665,5,0,9,13,47,19,16,25,37,9.501679099965259,6.4983209000347415,black,60,59824,997.0666666666667,8268,31369,0.5243547740037443,11.99999999999999,12.008279699948616,0.20013799499914361,2.75,5,0,60,60,0,17,15,28,38,12.008279699948616,3.9917203000513837
20260805_010412,sa200ms_french_defence_v2_black,french_defence,semi_open_game,e4 e6 d4 d5 Nc3 Nf6,rnbqkb1r/ppp2ppp/4pn2/3p4/3PP3/2N5/PPP2PPP/R1BQKBNR w KQkq - 2 4,0.2,16.0,True,0-1,checkmate,1.0,46,52,f1b5 c7c6 b5d3 d5e4 d3c4 f8b4 c4e6 c8e6 g1f3 e4f3 d1f3 b4c3 b2c3 f6d7 f3e4 d8e7 a2a4 b8a6 c1f4 a6c5 d4c5 d7c5 e4e5 c5a4 a1a4 a8d8 a4a7 e8g8 e1g1 h7h5 e5h5 f7f6 f1e1 g7g5 h5g6 e7g7 g6g7 g8g7 a7b7 e6f7 f4g3 f8h8 e1e4 d8d1 e4e1 d1e1,Bb5+ c6 Bd3 dxe4 Bc4 Bb4 Bxe6 Bxe6 Nf3 exf3 Qxf3 Bxc3+ bxc3 Nfd7 Qe4 Qe7 a4 Na6 Bf4 Nac5 dxc5 Nxc5 Qe5 Nxa4 Rxa4 Rd8 Rxa7 O-O O-O h5 Qxh5 f6 Re1 g5 Qg6+ Qg7 Qxg7+ Kxg7 Rxb7+ Bf7 Bg3 Rh8 Re4 Rd1+ Re1 Rxe1#,e4 e6 d4 d5 Nc3 Nf6 Bb5+ c6 Bd3 dxe4 Bc4 Bb4 Bxe6 Bxe6 Nf3 exf3 Qxf3 Bxc3+ bxc3 Nfd7 Qe4 Qe7 a4 Na6 Bf4 Nac5 dxc5 Nxc5 Qe5 Nxa4 Rxa4 Rd8 Rxa7 O-O O-O h5 Qxh5 f6 Re1 g5 Qg6+ Qg7 Qxg7+ Kxg7 Rxb7+ Bf7 Bg3 Rh8 Re4 Rd1+ Re1 Rxe1#,7r/1R3bk1/2p2p2/6p1/8/2P3B1/2P2PPP/4r1K1 w - - 0 27,-100000,8.566084399993997,black,23,14363,624.4782608695652,1660,7119,0.4956485413910743,5.8000000000000025,3.9491625999944517,0.1717027217388892,2.260869565217391,3,0,7,9,14,5,5,13,17,3.9491625999944517,12.050837400005548,white,23,16985,738.4782608695652,2595,10459,0.6157786282013541,4.600000000000001,4.6038211999839405,0.20016613912973655,2.217391304347826,5,0,23,23,0,4,7,12,18,4.6038211999839405,11.39617880001606
20260805_010412,sa200ms_caro_kann_defence_v2_white,caro_kann_defence,semi_open_game,e4 c6 d4 d5 Nc3 dxe4,rnbqkbnr/pp2pppp/2p5/8/3Pp3/2N5/PPP2PPP/R1BQKBNR w KQkq - 0 4,0.2,16.0,False,*,max_plies_truncation,,160,166,c3e4 d8a5 e1e2 b8d7 g1f3 a5d5 c1e3 d5e4 d1d3 e4d3 e2d3 g8f6 e3g5 f6d5 d3d2 e7e6 d2d1 f8d6 f1d3 h7h5 h1e1 e8g8 e1e4 f7f5 e4e6 d6b4 c2c4 d5c7 e6e3 g7g6 g5f4 c7a6 e3e6 g8h8 e6g6 f8e8 d3f5 a6c5 d4c5 b4c5 g6h6 h8g7 h6h5 c5f2 h5h7 g7g8 d1c2 e8e2 c2c3 d7f6 f5c8 g8h7 c8f5 h7h8 a1d1 a8e8 c3d3 e2b2 a2a4 b2b3 d3c2 b3b4 c2d3 b4a4 h2h4 a4a3 d3c2 e8e2 c2b1 a3b3 b1a1 b3a3 a1b1 a3b3 b1a1 e2e8 f3g5 f2h4 g5f7 h8g7 a1a2 b3c3 f7d6 e8e2 a2a1 e2g2 f4e5 c3e3 d6e8 g7f8 e5f6 e3a3 a1b1 a3b3 b1c1 f8e8 d1d8 e8f7 f6h4 b3c3 c1d1 c3c4 d8d7 f7g8 f5e6 g8f8 e6c4 g2g1 d1e2 g1g2 e2f3 g2c2 d7f7 f8g8 f7f4 g8h8 h4f6 h8h7 c4d3 h7g8 d3c2 g8f7 f6e5 f7e6 f3e4 c6c5 c2b3 e6d7 b3d5 b7b5 f4f3 a7a5 f3d3 d7c8 d5c6 b5b4 c6d5 c8d7 d3f3 d7e8 f3d3 e8d7 d3f3 d7e8 f3f7 e8d8 f7h7 d8e8 h7f7 e8d8 d5c6 b4b3 f7d7 d8e8 d7d4 e8e7 d4d6 b3b2 d6d7 e7e6,Nxe4 Qa5+ Ke2 Nd7 Nf3 Qd5 Be3 Qxe4 Qd3 Qxd3+ Kxd3 Ngf6 Bg5 Nd5 Kd2 e6 Kd1 Bd6 Bd3 h5 Re1 O-O Re4 f5 Rxe6 Bb4 c4 Nc7 Re3 g6 Bf4 Na6 Re6 Kh8 Rxg6 Re8 Bxf5 Nac5 dxc5 Bxc5 Rh6+ Kg7 Rxh5 Bxf2 Rh7+ Kg8 Kc2 Re2+ Kc3 Nf6 Bxc8 Kxh7 Bf5+ Kh8 Rd1 Rae8 Kd3 Rxb2 a4 Rb3+ Kc2 Rb4 Kd3 Rxa4 h4 Ra3+ Kc2 Re2+ Kb1 Rb3+ Ka1 Ra3+ Kb1 Rb3+ Ka1 Re8 Ng5 Bxh4 Nf7+ Kg7 Ka2 Rc3 Nd6 Re2+ Ka1 Rxg2 Be5 Re3 Ne8+ Kf8 Bxf6 Ra3+ Kb1 Rb3+ Kc1 Kxe8 Rd8+ Kf7 Bxh4 Rc3+ Kd1 Rxc4 Rd7+ Kg8 Be6+ Kf8 Bxc4 Rg1+ Ke2 Rg2+ Kf3 Rc2 Rf7+ Kg8 Rf4+ Kh8 Bf6+ Kh7 Bd3+ Kg8 Bxc2 Kf7 Be5+ Ke6 Ke4 c5 Bb3+ Kd7 Bd5 b5 Rf3 a5 Rd3 Kc8 Bc6 b4 Bd5 Kd7 Rf3 Ke8 Rd3 Kd7 Rf3 Ke8 Rf7 Kd8 Rh7 Ke8 Rf7 Kd8 Bc6 b3 Rd7+ Ke8 Rd4+ Ke7 Rd6 b2 Rd7+ Ke6,e4 c6 d4 d5 Nc3 dxe4 Nxe4 Qa5+ Ke2 Nd7 Nf3 Qd5 Be3 Qxe4 Qd3 Qxd3+ Kxd3 Ngf6 Bg5 Nd5 Kd2 e6 Kd1 Bd6 Bd3 h5 Re1 O-O Re4 f5 Rxe6 Bb4 c4 Nc7 Re3 g6 Bf4 Na6 Re6 Kh8 Rxg6 Re8 Bxf5 Nac5 dxc5 Bxc5 Rh6+ Kg7 Rxh5 Bxf2 Rh7+ Kg8 Kc2 Re2+ Kc3 Nf6 Bxc8 Kxh7 Bf5+ Kh8 Rd1 Rae8 Kd3 Rxb2 a4 Rb3+ Kc2 Rb4 Kd3 Rxa4 h4 Ra3+ Kc2 Re2+ Kb1 Rb3+ Ka1 Ra3+ Kb1 Rb3+ Ka1 Re8 Ng5 Bxh4 Nf7+ Kg7 Ka2 Rc3 Nd6 Re2+ Ka1 Rxg2 Be5 Re3 Ne8+ Kf8 Bxf6 Ra3+ Kb1 Rb3+ Kc1 Kxe8 Rd8+ Kf7 Bxh4 Rc3+ Kd1 Rxc4 Rd7+ Kg8 Be6+ Kf8 Bxc4 Rg1+ Ke2 Rg2+ Kf3 Rc2 Rf7+ Kg8 Rf4+ Kh8 Bf6+ Kh7 Bd3+ Kg8 Bxc2 Kf7 Be5+ Ke6 Ke4 c5 Bb3+ Kd7 Bd5 b5 Rf3 a5 Rd3 Kc8 Bc6 b4 Bd5 Kd7 Rf3 Ke8 Rd3 Kd7 Rf3 Ke8 Rf7 Kd8 Rh7 Ke8 Rf7 Kd8 Bc6 b3 Rd7+ Ke8 Rd4+ Ke7 Rd6 b2 Rd7+ Ke6,8/3R4/2B1k3/p1p1B3/4K3/8/1p6/8 w - - 2 84,994,28.623388099993463,white,80,56963,712.0375,5381,27966,0.4909502659621158,18.59999999999998,12.583229900017614,0.15729037375022017,2.325,4,0,17,33,47,25,30,25,45,12.583229900017614,3.4167700999823865,black,80,71876,898.45,9350,43815,0.6095915187266959,15.987947600003075,16.000146499995026,0.2000018312499378,2.575,4,0,80,80,0,29,20,31,48,16.0,0.0
20260805_010412,sa200ms_caro_kann_defence_v2_black,caro_kann_defence,semi_open_game,e4 c6 d4 d5 Nc3 dxe4,rnbqkbnr/pp2pppp/2p5/8/3Pp3/2N5/PPP2PPP/R1BQKBNR w KQkq - 0 4,0.2,16.0,False,*,max_plies_truncation,,160,166,c3e4 d8a5 e1e2 b8d7 g1f3 a5d5 c1e3 d5e4 c2c3 g8f6 d1d2 f6d5 a1e1 e7e6 b2b4 f8d6 f3e5 d7e5 d4e5 d5f4 e2d1 e4b1 d2c1 b1c1 e3c1 d6e5 e1e5 f4g6 e5e4 e8g8 f1d3 f8d8 c1d2 d8d3 d1c1 c8d7 d2g5 d3c3 c1d2 c3a3 d2d1 a3d3 d1c2 d3d5 g5e3 a8e8 e3a7 f7f6 a7e3 h7h5 f2f3 b7b6 e3b6 g8h7 b6e3 g6e7 h1e1 e7f5 e3f4 g7g5 f4c7 h7g7 c2b1 h5h4 a2a4 g7g6 h2h3 g6g7 c7b6 f5d6 e4g4 g7f7 e1e3 d5d1 b1c2 d1d5 c2b1 d5d1 b1c2 d1f1 b6d4 f1f2 c2d3 c6c5 b4c5 d6f5 e3e4 f5d4 e4d4 d7c6 d3c4 f2c2 c4d3 c2c5 d4d6 c6b7 d6d7 e8e7 d7d6 c5e5 g4d4 e7c7 d6b6 b7a8 f3f4 g5f4 d4f4 e5d5 f4d4 d5d4 d3d4 a8g2 d4d3 g2h3 b6b5 h3f1 d3e4 f6f5 e4e5 f1b5 a4b5 c7c5 e5d4 c5b5 d4e3 b5d5 e3f4 f7f6 f4f3 d5d4 f3f2 e6e5 f2f3 f6e6 f3f2 d4e4 f2f3 h4h3 f3g3 e4e3 g3h2 e6d5 h2h1 e3e4 h1h2 e4h4 h2g3 h3h2 g3h4 h2h1q h4g5 h1e4 g5g6 d5d4 g6g5 e4f3 g5f6 d4d5 f6g7 f3e4,Nxe4 Qa5+ Ke2 Nd7 Nf3 Qd5 Be3 Qxe4 c3 Ngf6 Qd2 Nd5 Re1 e6 b4 Bd6 Ne5 Nxe5 dxe5 Nf4+ Kd1 Qb1+ Qc1 Qxc1+ Bxc1 Bxe5 Rxe5 Ng6 Re4 O-O Bd3 Rd8 Bd2 Rxd3 Kc1 Bd7 Bg5 Rxc3+ Kd2 Ra3 Kd1 Rd3+ Kc2 Rd5 Be3 Re8 Bxa7 f6 Be3 h5 f3 b6 Bxb6 Kh7 Be3 Ne7 Re1 Nf5 Bf4 g5 Bc7 Kg7 Kb1 h4 a4 Kg6 h3 Kg7 Bb6 Nd6 Rg4 Kf7 Re3 Rd1+ Kc2 Rd5 Kb1 Rd1+ Kc2 Rf1 Bd4 Rf2+ Kd3 c5 bxc5 Nf5 Ree4 Nxd4 Rxd4 Bc6 Kc4 Rc2+ Kd3 Rxc5 Rd6 Bb7 Rd7+ Re7 Rd6 Re5 Rgd4 Rc7 Rb6 Ba8 f4 gxf4 Rxf4 Rd5+ Rd4 Rxd4+ Kxd4 Bxg2 Kd3 Bxh3 Rb5 Bf1+ Ke4 f5+ Ke5 Bxb5 axb5 Rc5+ Kd4 Rxb5 Ke3 Rd5 Kf4 Kf6 Kf3 Rd4 Kf2 e5 Kf3 Ke6 Kf2 Re4 Kf3 h3 Kg3 Re3+ Kh2 Kd5 Kh1 Re4 Kh2 Rh4 Kg3 h2 Kxh4 h1=Q+ Kg5 Qe4 Kg6 Kd4 Kg5 Qf3 Kf6 Kd5 Kg7 Qe4,e4 c6 d4 d5 Nc3 dxe4 Nxe4 Qa5+ Ke2 Nd7 Nf3 Qd5 Be3 Qxe4 c3 Ngf6 Qd2 Nd5 Re1 e6 b4 Bd6 Ne5 Nxe5 dxe5 Nf4+ Kd1 Qb1+ Qc1 Qxc1+ Bxc1 Bxe5 Rxe5 Ng6 Re4 O-O Bd3 Rd8 Bd2 Rxd3 Kc1 Bd7 Bg5 Rxc3+ Kd2 Ra3 Kd1 Rd3+ Kc2 Rd5 Be3 Re8 Bxa7 f6 Be3 h5 f3 b6 Bxb6 Kh7 Be3 Ne7 Re1 Nf5 Bf4 g5 Bc7 Kg7 Kb1 h4 a4 Kg6 h3 Kg7 Bb6 Nd6 Rg4 Kf7 Re3 Rd1+ Kc2 Rd5 Kb1 Rd1+ Kc2 Rf1 Bd4 Rf2+ Kd3 c5 bxc5 Nf5 Ree4 Nxd4 Rxd4 Bc6 Kc4 Rc2+ Kd3 Rxc5 Rd6 Bb7 Rd7+ Re7 Rd6 Re5 Rgd4 Rc7 Rb6 Ba8 f4 gxf4 Rxf4 Rd5+ Rd4 Rxd4+ Kxd4 Bxg2 Kd3 Bxh3 Rb5 Bf1+ Ke4 f5+ Ke5 Bxb5 axb5 Rc5+ Kd4 Rxb5 Ke3 Rd5 Kf4 Kf6 Kf3 Rd4 Kf2 e5 Kf3 Ke6 Kf2 Re4 Kf3 h3 Kg3 Re3+ Kh2 Kd5 Kh1 Re4 Kh2 Rh4 Kg3 h2 Kxh4 h1=Q+ Kg5 Qe4 Kg6 Kd4 Kg5 Qf3 Kf6 Kd5 Kg7 Qe4,8/6K1/8/3kpp2/4q3/8/8/8 w - - 10 84,-1279,30.624657399996067,black,80,66334,829.175,5265,36549,0.5509844122169626,19.92295089995777,14.587984800047707,0.18234981000059633,2.325,3,0,26,35,45,21,24,35,54,14.587984800047707,1.4120151999522932,white,80,79798,997.475,10838,44695,0.5601017569362641,15.9906361000292,16.000031599978684,0.20000039499973354,2.7125,5,0,80,80,0,24,22,34,52,16.0,0.0
20260805_010412,sa200ms_queens_gambit_declined_v2_white,queens_gambit_declined,closed_game,d4 d5 c4 e6 Nc3 Nf6,rnbqkb1r/ppp2ppp/4pn2/3p4/2PP4/2N5/PP2PPPP/R1BQKBNR w KQkq - 2 4,0.2,16.0,True,0-1,checkmate,0.0,60,66,c1g5 d5c4 g5f6 d8f6 d1a4 b8c6 a4c4 c6e7 c4b5 e8d8 e1c1 f6f2 e2e4 f2f4 d1d2 f7f6 c1b1 f4d2 g1f3 d2f4 f1c4 c7c6 b5a5 b7b6 a5h5 g7g5 f3g5 f6g5 b1a1 f8g7 h1d1 c8d7 a2a4 d8c7 e4e5 c6c5 d1e1 c5d4 c3e2 f4e5 c4e6 d7e6 e1c1 c7d6 e2g1 h8f8 h5h7 f8f4 h7d3 e7d5 b2b3 a8e8 g2g3 f4f2 c1c4 e5e1 c4c1 e1c1 d3b1 d4d3,Bg5 dxc4 Bxf6 Qxf6 Qa4+ Nc6 Qxc4 Ne7 Qb5+ Kd8 O-O-O Qxf2 e4 Qf4+ Rd2 f6 Kb1 Qxd2 Nf3 Qf4 Bc4 c6 Qa5+ b6 Qh5 g5 Nxg5 fxg5 Ka1 Bg7 Rd1 Bd7 a4 Kc7 e5 c5 Re1 cxd4 Ne2 Qxe5 Bxe6 Bxe6 Rc1+ Kd6 Ng1 Rhf8 Qxh7 Rf4 Qd3 Nd5 b3 Re8 g3 Rf2 Rc4 Qe1+ Rc1 Qxc1+ Qb1 d3#,d4 d5 c4 e6 Nc3 Nf6 Bg5 dxc4 Bxf6 Qxf6 Qa4+ Nc6 Qxc4 Ne7 Qb5+ Kd8 O-O-O Qxf2 e4 Qf4+ Rd2 f6 Kb1 Qxd2 Nf3 Qf4 Bc4 c6 Qa5+ b6 Qh5 g5 Nxg5 fxg5 Ka1 Bg7 Rd1 Bd7 a4 Kc7 e5 c5 Re1 cxd4 Ne2 Qxe5 Bxe6 Bxe6 Rc1+ Kd6 Ng1 Rhf8 Qxh7 Rf4 Qd3 Nd5 b3 Re8 g3 Rf2 Rc4 Qe1+ Rc1 Qxc1+ Qb1 d3#,4r3/p5b1/1p1kb3/3n2p1/P7/1P1p2P1/5r1P/KQq3N1 w - - 0 34,-100000,11.397327799990308,white,30,18925,630.8333333333334,1913,9226,0.48750330250990753,7.200000000000004,5.374328700010665,0.1791442900003555,2.1,3,0,10,11,19,2,8,20,26,5.374328700010665,10.625671299989335,black,30,21970,732.3333333333334,3198,11506,0.5237141556668183,6.000000000000003,6.0048695000004955,0.2001623166666832,2.2,3,0,30,30,0,6,5,19,22,6.0048695000004955,9.995130499999505
20260805_010412,sa200ms_queens_gambit_declined_v2_black,queens_gambit_declined,closed_game,d4 d5 c4 e6 Nc3 Nf6,rnbqkb1r/ppp2ppp/4pn2/3p4/2PP4/2N5/PP2PPPP/R1BQKBNR w KQkq - 2 4,0.2,16.0,True,0-1,checkmate,1.0,66,72,d1a4 b8c6 g1f3 b7b5 a4b5 d5c4 b5c6 c8d7 c6c4 f8e7 c1f4 c7c5 d4c5 d7c6 e2e4 e8g8 f1e2 g7g5 f3g5 d8d7 f4e5 f6e8 g5f3 a7a5 h2h4 h7h5 a1c1 g8h7 a2a3 f7f6 e5f4 e8g7 g2g4 h5g4 f3h2 e6e5 f4e3 g4g3 f2g3 a8c8 h2f3 c8b8 e1f2 b8b2 f3e5 f6e5 f2g1 e7f6 e2f3 f8e8 c1e1 b2c2 e1b1 h7h8 g1f1 h8h7 c4g8 h7g8 c3a4 c6a4 b1b6 d7d3 f3e2 d3e2 f1g1 e2g2,Qa4+ Nc6 Nf3 b5 Qxb5 dxc4 Qxc6+ Bd7 Qxc4 Be7 Bf4 c5 dxc5 Bc6 e4 O-O Be2 g5 Nxg5 Qd7 Be5 Ne8 Nf3 a5 h4 h5 Rc1 Kh7 a3 f6 Bf4 Ng7 g4 hxg4 Nh2 e5 Be3 g3 fxg3 Rac8 Nf3 Rb8 Kf2 Rxb2 Nxe5 fxe5+ Kg1 Bf6 Bf3 Re8 Re1 Rc2 Rb1 Kh8 Kf1 Kh7 Qg8+ Kxg8 Na4 Bxa4 Rb6 Qd3+ Be2 Qxe2+ Kg1 Qg2#,d4 d5 c4 e6 Nc3 Nf6 Qa4+ Nc6 Nf3 b5 Qxb5 dxc4 Qxc6+ Bd7 Qxc4 Be7 Bf4 c5 dxc5 Bc6 e4 O-O Be2 g5 Nxg5 Qd7 Be5 Ne8 Nf3 a5 h4 h5 Rc1 Kh7 a3 f6 Bf4 Ng7 g4 hxg4 Nh2 e5 Be3 g3 fxg3 Rac8 Nf3 Rb8 Kf2 Rxb2 Nxe5 fxe5+ Kg1 Bf6 Bf3 Re8 Re1 Rc2 Rb1 Kh8 Kf1 Kh7 Qg8+ Kxg8 Na4 Bxa4 Rb6 Qd3+ Be2 Qxe2+ Kg1 Qg2#,4r1k1/6n1/1R3b2/p1P1p3/b3P2P/P3B1P1/2r3q1/6KR w - - 2 37,-100000,12.198480500010191,black,33,18215,551.969696969697,2084,8503,0.4668130661542685,8.000000000000004,5.572314900011406,0.16885802727307292,2.0303030303030303,3,0,6,10,23,6,3,24,26,5.572314900011406,10.427685099988594,white,33,22483,681.3030303030303,2828,11614,0.5165680736556509,6.600000000000003,6.606072799972026,0.20018402424157652,2.0303030303030303,3,0,33,33,0,3,7,23,27,6.606072799972026,9.393927200027974
20260805_010412,sa200ms_slav_defence_v2_white,slav_defence,closed_game,d4 d5 c4 c6 Nf3 Nf6,rnbqkb1r/pp2pppp/2p2n2/3p4/2PP4/5N2/PP2PPPP/RNBQKB1R w KQkq - 2 4,0.2,16.0,True,0-1,checkmate,0.0,72,78,d1a4 d5c4 a4c4 d8a5 e1d1 b8d7 c1e3 e8d8 c4f7 a5a4 b2b3 a4b4 d4d5 c6d5 d1c1 b4e4 e3a7 a8a7 b1c3 e4f4 e2e3 f4f5 f3d4 f5e5 c3d5 f6d5 f1d3 e5c7 c1b1 d5c3 b1c1 c3a2 c1d2 c7c3 d2e2 c3b2 e2f3 d7e5 f3e4 e5f7 a1a2 a7a2 h1f1 f7g5 e4f4 a2a5 d4b5 b2f6 f4g3 f6e5 f2f4 e5e3 g3h4 e3d3 f1c1 d3b5 c1d1 c8d7 h2h3 b5b3 d1d4 d8c8 f4g5 d7c6 g2g4 e7e5 d4d2 b3e3 d2c2 e3e1 h4h5 g7g6,Qa4 dxc4 Qxc4 Qa5+ Kd1 Nbd7 Be3 Kd8 Qxf7 Qa4+ b3 Qb4 d5 cxd5 Kc1 Qe4 Bxa7 Rxa7 Nc3 Qf4+ e3 Qf5 Nd4 Qe5 Nxd5 Nxd5 Bd3 Qc7+ Kb1 Nc3+ Kc1 Nxa2+ Kd2 Qc3+ Ke2 Qb2+ Kf3 Ne5+ Ke4 Nxf7 Rxa2 Rxa2 Rf1 Ng5+ Kf4 Ra5 Nb5 Qf6+ Kg3 Qe5+ f4 Qxe3+ Kh4 Qxd3 Rc1 Qxb5 Rd1+ Bd7 h3 Qxb3 Rd4 Kc8 fxg5 Bc6 g4 e5 Rd2 Qe3 Rc2 Qe1+ Kh5 g6#,d4 d5 c4 c6 Nf3 Nf6 Qa4 dxc4 Qxc4 Qa5+ Kd1 Nbd7 Be3 Kd8 Qxf7 Qa4+ b3 Qb4 d5 cxd5 Kc1 Qe4 Bxa7 Rxa7 Nc3 Qf4+ e3 Qf5 Nd4 Qe5 Nxd5 Nxd5 Bd3 Qc7+ Kb1 Nc3+ Kc1 Nxa2+ Kd2 Qc3+ Ke2 Qb2+ Kf3 Ne5+ Ke4 Nxf7 Rxa2 Rxa2 Rf1 Ng5+ Kf4 Ra5 Nb5 Qf6+ Kg3 Qe5+ f4 Qxe3+ Kh4 Qxd3 Rc1 Qxb5 Rd1+ Bd7 h3 Qxb3 Rd4 Kc8 fxg5 Bc6 g4 e5 Rd2 Qe3 Rc2 Qe1+ Kh5 g6#,2k2b1r/1p5p/2b3p1/r3p1PK/6P1/7P/2R5/4q3 w - - 0 40,-100000,12.896383600003901,white,36,22209,616.9166666666666,3407,8892,0.40037822504390114,10.200000000000003,5.671752899987041,0.1575486916663067,2.5,5,0,7,10,26,7,12,17,22,5.671752899987041,10.328247100012959,black,36,29441,817.8055555555555,4150,18327,0.6224992357596549,7.200000000000004,7.206233599979896,0.20017315555499712,2.25,4,0,36,36,0,10,9,17,24,7.206233599979896,8.793766400020104
20260805_010412,sa200ms_slav_defence_v2_black,slav_defence,closed_game,d4 d5 c4 c6 Nf3 Nf6,rnbqkb1r/pp2pppp/2p2n2/3p4/2PP4/5N2/PP2PPPP/RNBQKB1R w KQkq - 2 4,0.2,16.0,True,0-1,checkmate,1.0,34,40,b1c3 d5c4 c1f4 b8d7 e2e3 e7e5 d4e5 f8d6 e5d6 d8a5 b2b4 c4b3 d1b3 e8d8 b3f7 a5c3 e1e2 c3b2 e2d3 d7c5 d3c4 c8e6 f7e6 c5e6 a1d1 b2a2 c4c3 a2f2 f1c4 f6e4 c3d3 e6c5 d3d4 f2b2,Nc3 dxc4 Bf4 Nbd7 e3 e5 dxe5 Bd6 exd6 Qa5 b4 cxb3 Qxb3 Kd8 Qxf7 Qxc3+ Ke2 Qb2+ Kd3 Nc5+ Kc4 Be6+ Qxe6 Nxe6 Rd1 Qxa2+ Kc3 Qxf2 Bc4 Ne4+ Kd3 N6c5+ Kd4 Qb2#,d4 d5 c4 c6 Nf3 Nf6 Nc3 dxc4 Bf4 Nbd7 e3 e5 dxe5 Bd6 exd6 Qa5 b4 cxb3 Qxb3 Kd8 Qxf7 Qxc3+ Ke2 Qb2+ Kd3 Nc5+ Kc4 Be6+ Qxe6 Nxe6 Rd1 Qxa2+ Kc3 Qxf2 Bc4 Ne4+ Kd3 N6c5+ Kd4 Qb2#,r2k3r/pp4pp/2pP4/2n5/2BKnB2/4PN2/1q4PP/3R3R w - - 6 21,-100000,6.541331500004162,black,17,11822,695.4117647058823,1306,5988,0.5065132803248181,4.6000000000000005,3.128803500061622,0.18404726470950716,2.2941176470588234,3,0,4,7,10,6,3,8,10,3.128803500061622,12.871196499938378,white,17,12870,757.0588235294117,1803,8211,0.637995337995338,3.400000000000001,3.4033453000010923,0.20019678235300542,2.4705882352941178,4,0,17,17,0,5,8,4,7,3.4033453000010923,12.596654699998908
20260805_010412,sa200ms_kings_indian_defence_v2_white,kings_indian_defence,indian_game,d4 Nf6 c4 g6 Nc3 Bg7,rnbqk2r/ppppppbp/5np1/8/2PP4/2N5/PP2PPPP/R1BQKBNR w KQkq - 2 4,0.2,16.0,True,0-1,checkmate,0.0,44,50,g1f3 b8c6 c1f4 e7e6 d1d3 f6g4 e2e4 d8e7 f4c7 e7b4 e1e2 b4b2 f3d2 b2a1 c3b1 a1a2 b1c3 a2b2 e2f3 h7h5 f1e2 g7f6 c7d6 a7a5 f3f4 g6g5 f4g3 g4h6 e2h5 e8d8 h5f7 h6f7 h1e1 f7d6 f2f4 g5f4 g3f4 h8h2 d2f3 h2g2 c3a4 b2f2 a4b6 f6g5,Nf3 Nc6 Bf4 e6 Qd3 Ng4 e4 Qe7 Bxc7 Qb4 Ke2 Qxb2+ Nd2 Qxa1 Ncb1 Qxa2 Nc3 Qb2 Kf3 h5 Be2 Bf6 Bd6 a5 Kf4 g5+ Kg3 Nh6 Bxh5 Kd8 Bxf7 Nxf7 Re1 Nxd6 f4 gxf4+ Kxf4 Rxh2 Nf3 Rxg2 Na4 Qf2 Nb6 Bg5#,d4 Nf6 c4 g6 Nc3 Bg7 Nf3 Nc6 Bf4 e6 Qd3 Ng4 e4 Qe7 Bxc7 Qb4 Ke2 Qxb2+ Nd2 Qxa1 Ncb1 Qxa2 Nc3 Qb2 Kf3 h5 Be2 Bf6 Bd6 a5 Kf4 g5+ Kg3 Nh6 Bxh5 Kd8 Bxf7 Nxf7 Re1 Nxd6 f4 gxf4+ Kxf4 Rxh2 Nf3 Rxg2 Na4 Qf2 Nb6 Bg5#,r1bk4/1p1p4/1Nnnp3/p5b1/2PPPK2/3Q1N2/5qr1/4R3 w - - 4 26,-100000,6.769943899998907,white,22,7904,359.27272727272725,953,1886,0.23861336032388664,4.800000000000002,2.3534941999678267,0.10697700908944667,2.0454545454545454,3,0,3,3,19,6,5,11,12,2.3534941999678267,13.646505800032173,black,22,15265,693.8636363636364,1633,9707,0.6358991156239764,4.400000000000001,4.4044709999725455,0.20020322727147935,2.0454545454545454,3,0,22,22,0,5,6,11,17,4.4044709999725455,11.595529000027454
20260805_010412,sa200ms_kings_indian_defence_v2_black,kings_indian_defence,indian_game,d4 Nf6 c4 g6 Nc3 Bg7,rnbqk2r/ppppppbp/5np1/8/2PP4/2N5/PP2PPPP/R1BQKBNR w KQkq - 2 4,0.2,16.0,True,0-1,checkmate,1.0,52,58,g1f3 b8c6 c1f4 e7e6 d1d3 f6g4 e2e4 d8e7 f4c7 e7b4 e1e2 b4b2 d3d2 b2a1 c3b1 a1b1 c7d6 b1e4 e2d1 f7f5 f3g5 e4b1 d1e2 g7f6 g5e6 d7e6 e2f3 b1e4 f3g3 c8d7 f2f3 f5f4 d6f4 e4f5 f3g4 f5e4 f4d6 e8f7 h2h4 h8e8 d2f2 c6d4 g3h2 e4g4 f1d3 d4f5 d3f5 e6f5 f2c5 g4h4 h2g1 e8e1,Nf3 Nc6 Bf4 e6 Qd3 Ng4 e4 Qe7 Bxc7 Qb4 Ke2 Qxb2+ Qd2 Qxa1 Nb1 Qxb1 Bd6 Qxe4+ Kd1 f5 Ng5 Qb1+ Ke2 Bf6 Nxe6 dxe6 Kf3 Qe4+ Kg3 Bd7 f3 f4+ Bxf4 Qf5 fxg4 Qe4 Bd6 Kf7 h4 Rhe8 Qf2 Nxd4 Kh2 Qxg4 Bd3 Nf5 Bxf5 exf5 Qc5 Qxh4+ Kg1 Re1#,d4 Nf6 c4 g6 Nc3 Bg7 Nf3 Nc6 Bf4 e6 Qd3 Ng4 e4 Qe7 Bxc7 Qb4 Ke2 Qxb2+ Qd2 Qxa1 Nb1 Qxb1 Bd6 Qxe4+ Kd1 f5 Ng5 Qb1+ Ke2 Bf6 Nxe6 dxe6 Kf3 Qe4+ Kg3 Bd7 f3 f4+ Bxf4 Qf5 fxg4 Qe4 Bd6 Kf7 h4 Rhe8 Qf2 Nxd4 Kh2 Qxg4 Bd3 Nf5 Bxf5 exf5 Qc5 Qxh4+ Kg1 Re1#,r7/pp1b1k1p/3B1bp1/2Q2p2/2P4q/8/P5P1/4r1KR w - - 2 30,-100000,10.569391600001836,black,26,19053,732.8076923076923,1767,12827,0.6732273132839973,6.400000000000002,5.349594999963301,0.20575365384474237,2.0,2,0,12,16,10,5,6,15,22,5.349594999963301,10.650405000036699,white,26,18393,707.4230769230769,2719,8737,0.4750176697656717,5.200000000000002,5.204016800009413,0.20015449230805432,2.269230769230769,4,0,26,26,0,7,7,12,17,5.204016800009413,10.795983199990587
20260805_010412,sa200ms_english_opening_v2_white,english_opening,flank_opening,c4 e5 Nc3 Nf6 g3 d5,rnbqkb1r/ppp2ppp/5n2/3pp3/2P5/2N3P1/PP1PPP1P/R1BQKBNR w KQkq - 0 4,0.2,16.0,True,1/2-1/2,insufficient_material,0.5,104,110,d1a4 c8d7 a4a5 b8c6 a5b5 d5c4 b5c4 c6e7 g1f3 d7f5 c4b5 e7c6 f3e5 d8d4 e5c6 b7c6 b5c6 e8e7 c6a8 e7e6 a8c6 f8d6 c3b5 d4b6 b5c7 b6c7 c6c7 d6c7 f1g2 e6e7 d2d4 h8d8 c1g5 d8d4 g5f6 g7f6 a1c1 c7a5 e1f1 h7h5 g2c6 f5h3 f1g1 h3e6 a2a3 a5c7 c1c5 d4d1 g1g2 d1h1 g2h1 c7d6 c5h5 e7f8 h5h8 f8g7 h8a8 d6e5 a8a7 e5b2 a7e7 b2a3 e7a7 a3d6 e2e4 g7g6 a7a5 g6g7 a5a7 g7g6 f2f3 d6e5 a7e7 e5g3 h2g3 f6f5 g3g4 g6f6 e7e8 f5g4 e4e5 f6e5 f3g4 e5f4 g4g5 f4g5 e8f8 g5f4 h1g2 f7f5 f8f6 f4e5 f6f8 e5d4 g2g3 d4c5 c6f3 c5d4 f3c6 d4c5 c6f3 e6d7 f8f5 d7f5,Qa4+ Bd7 Qa5 Nc6 Qb5 dxc4 Qxc4 Ne7 Nf3 Bf5 Qb5+ Nc6 Nxe5 Qd4 Nxc6 bxc6 Qxc6+ Ke7 Qxa8 Ke6 Qc6+ Bd6 Nb5 Qb6 Nxc7+ Qxc7 Qxc7 Bxc7 Bg2 Ke7 d4 Rd8 Bg5 Rxd4 Bxf6+ gxf6 Rc1 Ba5+ Kf1 h5 Bc6 Bh3+ Kg1 Be6 a3 Bc7 Rc5 Rd1+ Kg2 Rxh1 Kxh1 Bd6 Rxh5 Kf8 Rh8+ Kg7 Ra8 Be5 Rxa7 Bxb2 Re7 Bxa3 Ra7 Bd6 e4 Kg6 Ra5 Kg7 Ra7 Kg6 f3 Be5 Re7 Bxg3 hxg3 f5 g4 Kf6 Re8 fxg4 e5+ Kxe5 fxg4 Kf4 g5 Kxg5 Rf8 Kf4 Kg2 f5 Rf6 Ke5 Rf8 Kd4 Kg3 Kc5 Bf3 Kd4 Bc6 Kc5 Bf3 Bd7 Rxf5+ Bxf5,c4 e5 Nc3 Nf6 g3 d5 Qa4+ Bd7 Qa5 Nc6 Qb5 dxc4 Qxc4 Ne7 Nf3 Bf5 Qb5+ Nc6 Nxe5 Qd4 Nxc6 bxc6 Qxc6+ Ke7 Qxa8 Ke6 Qc6+ Bd6 Nb5 Qb6 Nxc7+ Qxc7 Qxc7 Bxc7 Bg2 Ke7 d4 Rd8 Bg5 Rxd4 Bxf6+ gxf6 Rc1 Ba5+ Kf1 h5 Bc6 Bh3+ Kg1 Be6 a3 Bc7 Rc5 Rd1+ Kg2 Rxh1 Kxh1 Bd6 Rxh5 Kf8 Rh8+ Kg7 Ra8 Be5 Rxa7 Bxb2 Re7 Bxa3 Ra7 Bd6 e4 Kg6 Ra5 Kg7 Ra7 Kg6 f3 Be5 Re7 Bxg3 hxg3 f5 g4 Kf6 Re8 fxg4 e5+ Kxe5 fxg4 Kf4 g5 Kxg5 Rf8 Kf4 Kg2 f5 Rf6 Ke5 Rf8 Kd4 Kg3 Kc5 Bf3 Kd4 Bc6 Kc5 Bf3 Bd7 Rxf5+ Bxf5,8/8/8/2k2b2/8/5BK1/8/8 w - - 0 56,0,21.612490899991826,white,52,49677,955.3269230769231,4677,16424,0.3306157779253981,15.800000000000008,11.17964980006218,0.21499326538581115,2.5,3,0,14,18,34,10,17,25,35,11.17964980006218,4.82035019993782,black,52,48070,924.4230769230769,6479,26226,0.5455793634283337,10.399999999999995,10.407954499998596,0.20015297115381914,2.5961538461538463,7,0,52,52,0,11,13,28,37,10.407954499998596,5.592045500001404
20260805_010412,sa200ms_english_opening_v2_black,english_opening,flank_opening,c4 e5 Nc3 Nf6 g3 d5,rnbqkb1r/ppp2ppp/5n2/3pp3/2P5/2N3P1/PP1PPP1P/R1BQKBNR w KQkq - 0 4,0.2,16.0,True,0-1,checkmate,1.0,68,74,d1a4 c8d7 a4a5 b8c6 a5b5 d5c4 b5c4 c6e7 g1f3 d7f5 c4b5 c7c6 b5e5 f5e6 d2d3 e6a2 a1a2 a7a5 c1e3 c6c5 e3c5 d8d7 c5e7 f8e7 e2e4 f6e4 d3e4 e8g8 f1c4 e7b4 c4f7 d7f7 a2a4 f7f3 e5d5 g8h8 e1g1 b4c3 b2c3 f3c3 d5b7 a8e8 b7d5 f8f6 f2f4 c3e3 g1h1 g7g5 a4a5 g5f4 g3f4 h7h6 e4e5 f6f5 f1d1 f5f4 e5e6 f4f6 a5a4 e8g8 a4c4 g8e8 h2h4 e8g8 h1h2 e3g3 h2h1 g3h3,Qa4+ Bd7 Qa5 Nc6 Qb5 dxc4 Qxc4 Ne7 Nf3 Bf5 Qb5+ c6 Qxe5 Be6 d3 Bxa2 Rxa2 a5 Be3 c5 Bxc5 Qd7 Bxe7 Bxe7 e4 Nxe4 dxe4 O-O Bc4 Bb4 Bxf7+ Qxf7 Ra4 Qxf3 Qd5+ Kh8 O-O Bxc3 bxc3 Qxc3 Qxb7 Rae8 Qd5 Rf6 f4 Qe3+ Kh1 g5 Rxa5 gxf4 gxf4 h6 e5 Rf5 Rd1 Rxf4 e6 Rf6 Ra4 Rg8 Rc4 Re8 h4 Rg8 Kh2 Qg3+ Kh1 Qh3#,c4 e5 Nc3 Nf6 g3 d5 Qa4+ Bd7 Qa5 Nc6 Qb5 dxc4 Qxc4 Ne7 Nf3 Bf5 Qb5+ c6 Qxe5 Be6 d3 Bxa2 Rxa2 a5 Be3 c5 Bxc5 Qd7 Bxe7 Bxe7 e4 Nxe4 dxe4 O-O Bc4 Bb4 Bxf7+ Qxf7 Ra4 Qxf3 Qd5+ Kh8 O-O Bxc3 bxc3 Qxc3 Qxb7 Rae8 Qd5 Rf6 f4 Qe3+ Kh1 g5 Rxa5 gxf4 gxf4 h6 e5 Rf5 Rd1 Rxf4 e6 Rf6 Ra4 Rg8 Rc4 Re8 h4 Rg8 Kh2 Qg3+ Kh1 Qh3#,6rk/8/4Pr1p/3Q4/2R4P/7q/8/3R3K w - - 5 38,-100000,13.175453399991966,black,34,23167,681.3823529411765,2588,13108,0.5658048085639056,8.800000000000004,6.351107999973465,0.1867972941168666,2.1176470588235294,3,0,11,13,21,3,6,25,27,6.351107999973465,9.648892000026535,white,34,25344,745.4117647058823,3656,14067,0.5550426136363636,6.800000000000003,6.805941800004803,0.20017475882367067,2.1176470588235294,3,0,34,34,0,4,8,22,28,6.805941800004803,9.194058199995197
